{
    "Aktual": [
        {
            "No.": "1",
            "Nama": "VICTORIA SECRET LOVE",
            "Juni": "815",
            "Juli": "1320",
            "Agustus": "1385",
            "September": "750",
            "Oktober": "70",
            "November": "100",
            "Desember": "870",
            "Januari": "795",
            "Februari": "1215",
            "Maret": "100",
            "April": "1070",
            "Mei": "450"
        },
        {
            "No.": "2",
            "Nama": "JAGUAR CLASIC",
            "Juni": "245",
            "Juli": "1245",
            "Agustus": "1415",
            "September": "1485",
            "Oktober": "820",
            "November": "495",
            "Desember": "845",
            "Januari": "1095",
            "Februari": "25",
            "Maret": "835",
            "April": "220",
            "Mei": "1070"
        },
        {
            "No.": "3",
            "Nama": "PLAYBOY SEXY",
            "Juni": "1135",
            "Juli": "535",
            "Agustus": "150",
            "September": "1035",
            "Oktober": "1370",
            "November": "1455",
            "Desember": "1235",
            "Januari": "1115",
            "Februari": "1240",
            "Maret": "465",
            "April": "1185",
            "Mei": "295"
        },
        {
            "No.": "4",
            "Nama": "VICTORIA SECRET PINK SURF",
            "Juni": "1265",
            "Juli": "560",
            "Agustus": "595",
            "September": "1035",
            "Oktober": "955",
            "November": "160",
            "Desember": "190",
            "Januari": "285",
            "Februari": "545",
            "Maret": "265",
            "April": "675",
            "Mei": "440"
        },
        {
            "No.": "5",
            "Nama": "BENETTON COOL",
            "Juni": "170",
            "Juli": "1340",
            "Agustus": "405",
            "September": "65",
            "Oktober": "70",
            "November": "130",
            "Desember": "1090",
            "Januari": "10",
            "Februari": "1415",
            "Maret": "1415",
            "April": "285",
            "Mei": "1145"
        },
        {
            "No.": "6",
            "Nama": "AZZARO TWIN MAN",
            "Juni": "190",
            "Juli": "595",
            "Agustus": "555",
            "September": "1340",
            "Oktober": "345",
            "November": "500",
            "Desember": "1065",
            "Januari": "1490",
            "Februari": "780",
            "Maret": "65",
            "April": "585",
            "Mei": "775"
        },
        {
            "No.": "7",
            "Nama": "COKLAT CAPPUCINO",
            "Juni": "60",
            "Juli": "745",
            "Agustus": "430",
            "September": "1055",
            "Oktober": "215",
            "November": "255",
            "Desember": "560",
            "Januari": "495",
            "Februari": "870",
            "Maret": "140",
            "April": "1470",
            "Mei": "560"
        },
        {
            "No.": "8",
            "Nama": "TAYLOR SWIFT",
            "Juni": "635",
            "Juli": "10",
            "Agustus": "1045",
            "September": "1425",
            "Oktober": "1000",
            "November": "5",
            "Desember": "1035",
            "Januari": "55",
            "Februari": "235",
            "Maret": "850",
            "April": "225",
            "Mei": "75"
        },
        {
            "No.": "9",
            "Nama": "AIGNER BLUE ( KEVA )",
            "Juni": "900",
            "Juli": "1305",
            "Agustus": "1185",
            "September": "225",
            "Oktober": "685",
            "November": "775",
            "Desember": "510",
            "Januari": "230",
            "Februari": "615",
            "Maret": "515",
            "April": "860",
            "Mei": "20"
        },
        {
            "No.": "10",
            "Nama": "ISSEY MIYAKE HOMME SPORT ",
            "Juni": "1175",
            "Juli": "655",
            "Agustus": "1255",
            "September": "875",
            "Oktober": "200",
            "November": "1495",
            "Desember": "370",
            "Januari": "1380",
            "Februari": "220",
            "Maret": "660",
            "April": "1170",
            "Mei": "610"
        },
        {
            "No.": "11",
            "Nama": "BEYOND PARADISE",
            "Juni": "980",
            "Juli": "415",
            "Agustus": "535",
            "September": "1285",
            "Oktober": "380",
            "November": "1060",
            "Desember": "675",
            "Januari": "485",
            "Februari": "215",
            "Maret": "1055",
            "April": "520",
            "Mei": "975"
        },
        {
            "No.": "12",
            "Nama": "DAVIDOFF GAME LADY",
            "Juni": "1490",
            "Juli": "250",
            "Agustus": "990",
            "September": "940",
            "Oktober": "1095",
            "November": "1220",
            "Desember": "90",
            "Januari": "450",
            "Februari": "570",
            "Maret": "1280",
            "April": "550",
            "Mei": "85"
        },
        {
            "No.": "13",
            "Nama": "DKNY GOLDEN DELICIOUS",
            "Juni": "1330",
            "Juli": "910",
            "Agustus": "770",
            "September": "1365",
            "Oktober": "395",
            "November": "215",
            "Desember": "1475",
            "Januari": "185",
            "Februari": "1315",
            "Maret": "390",
            "April": "45",
            "Mei": "1005"
        },
        {
            "No.": "14",
            "Nama": "JESSICA SIMPSON BLOOM",
            "Juni": "920",
            "Juli": "300",
            "Agustus": "1290",
            "September": "740",
            "Oktober": "1040",
            "November": "505",
            "Desember": "615",
            "Januari": "460",
            "Februari": "1165",
            "Maret": "630",
            "April": "140",
            "Mei": "245"
        },
        {
            "No.": "15",
            "Nama": "COACH POPPY",
            "Juni": "145",
            "Juli": "1475",
            "Agustus": "770",
            "September": "1075",
            "Oktober": "600",
            "November": "355",
            "Desember": "165",
            "Januari": "885",
            "Februari": "875",
            "Maret": "1030",
            "April": "35",
            "Mei": "415"
        },
        {
            "No.": "16",
            "Nama": "STILL DONNA",
            "Juni": "1225",
            "Juli": "545",
            "Agustus": "1235",
            "September": "1335",
            "Oktober": "980",
            "November": "320",
            "Desember": "805",
            "Januari": "1380",
            "Februari": "1005",
            "Maret": "1180",
            "April": "1025",
            "Mei": "605"
        },
        {
            "No.": "17",
            "Nama": "ANGEL MAN",
            "Juni": "800",
            "Juli": "1090",
            "Agustus": "1220",
            "September": "310",
            "Oktober": "870",
            "November": "1020",
            "Desember": "15",
            "Januari": "950",
            "Februari": "500",
            "Maret": "730",
            "April": "850",
            "Mei": "1120"
        },
        {
            "No.": "18",
            "Nama": "BURBERRY MAN",
            "Juni": "1390",
            "Juli": "180",
            "Agustus": "875",
            "September": "250",
            "Oktober": "1130",
            "November": "975",
            "Desember": "1260",
            "Januari": "1120",
            "Februari": "350",
            "Maret": "230",
            "April": "545",
            "Mei": "790"
        },
        {
            "No.": "19",
            "Nama": "JLO PLATINUM",
            "Juni": "690",
            "Juli": "1280",
            "Agustus": "870",
            "September": "1040",
            "Oktober": "140",
            "November": "275",
            "Desember": "785",
            "Januari": "1300",
            "Februari": "370",
            "Maret": "85",
            "April": "310",
            "Mei": "585"
        },
        {
            "No.": "20",
            "Nama": "TOMMY T WOMEN",
            "Juni": "800",
            "Juli": "700",
            "Agustus": "440",
            "September": "915",
            "Oktober": "740",
            "November": "1370",
            "Desember": "705",
            "Januari": "920",
            "Februari": "1060",
            "Maret": "175",
            "April": "825",
            "Mei": "720"
        },
        {
            "No.": "21",
            "Nama": "VICTORIA SECRET NIGHT ",
            "Juni": "435",
            "Juli": "1010",
            "Agustus": "1125",
            "September": "760",
            "Oktober": "320",
            "November": "690",
            "Desember": "10",
            "Januari": "660",
            "Februari": "980",
            "Maret": "1220",
            "April": "1035",
            "Mei": "1090"
        },
        {
            "No.": "22",
            "Nama": "TOMMY JEANS",
            "Juni": "1265",
            "Juli": "70",
            "Agustus": "615",
            "September": "1095",
            "Oktober": "925",
            "November": "965",
            "Desember": "1220",
            "Januari": "50",
            "Februari": "960",
            "Maret": "1105",
            "April": "925",
            "Mei": "585"
        },
        {
            "No.": "23",
            "Nama": "BE ENCHANTED",
            "Juni": "625",
            "Juli": "65",
            "Agustus": "85",
            "September": "125",
            "Oktober": "510",
            "November": "415",
            "Desember": "595",
            "Januari": "615",
            "Februari": "965",
            "Maret": "330",
            "April": "1160",
            "Mei": "630"
        },
        {
            "No.": "24",
            "Nama": "KATY PERRY KILLER QUEEN",
            "Juni": "765",
            "Juli": "160",
            "Agustus": "335",
            "September": "590",
            "Oktober": "1165",
            "November": "1270",
            "Desember": "1455",
            "Januari": "965",
            "Februari": "680",
            "Maret": "1220",
            "April": "695",
            "Mei": "840"
        },
        {
            "No.": "25",
            "Nama": "MONT BLANC INDIVIDUEL",
            "Juni": "590",
            "Juli": "590",
            "Agustus": "195",
            "September": "545",
            "Oktober": "1400",
            "November": "80",
            "Desember": "900",
            "Januari": "5",
            "Februari": "380",
            "Maret": "595",
            "April": "795",
            "Mei": "65"
        },
        {
            "No.": "26",
            "Nama": "BULGARI JASMIN NOIR",
            "Juni": "440",
            "Juli": "875",
            "Agustus": "125",
            "September": "1390",
            "Oktober": "470",
            "November": "465",
            "Desember": "1280",
            "Januari": "1090",
            "Februari": "60",
            "Maret": "1095",
            "April": "1095",
            "Mei": "1110"
        },
        {
            "No.": "27",
            "Nama": "HUGO BOSS THE SCENT ",
            "Juni": "115",
            "Juli": "1490",
            "Agustus": "600",
            "September": "610",
            "Oktober": "135",
            "November": "795",
            "Desember": "670",
            "Januari": "315",
            "Februari": "1100",
            "Maret": "165",
            "April": "580",
            "Mei": "480"
        },
        {
            "No.": "28",
            "Nama": "HUGO BOSS FEMME",
            "Juni": "310",
            "Juli": "690",
            "Agustus": "1495",
            "September": "210",
            "Oktober": "175",
            "November": "785",
            "Desember": "405",
            "Januari": "885",
            "Februari": "590",
            "Maret": "1065",
            "April": "840",
            "Mei": "545"
        },
        {
            "No.": "29",
            "Nama": "MOSCHINO FRESH",
            "Juni": "1495",
            "Juli": "915",
            "Agustus": "1270",
            "September": "20",
            "Oktober": "1120",
            "November": "1015",
            "Desember": "825",
            "Januari": "1165",
            "Februari": "670",
            "Maret": "365",
            "April": "965",
            "Mei": "1195"
        },
        {
            "No.": "30",
            "Nama": "DAVIDOFF CHAMPION",
            "Juni": "145",
            "Juli": "1170",
            "Agustus": "175",
            "September": "955",
            "Oktober": "120",
            "November": "300",
            "Desember": "380",
            "Januari": "455",
            "Februari": "100",
            "Maret": "1020",
            "April": "1070",
            "Mei": "495"
        },
        {
            "No.": "31",
            "Nama": "1 MILLION",
            "Juni": "1085",
            "Juli": "155",
            "Agustus": "175",
            "September": "1360",
            "Oktober": "1335",
            "November": "615",
            "Desember": "340",
            "Januari": "605",
            "Februari": "1115",
            "Maret": "1280",
            "April": "450",
            "Mei": "985"
        },
        {
            "No.": "32",
            "Nama": "D & G VELVET VETIVER",
            "Juni": "1275",
            "Juli": "885",
            "Agustus": "780",
            "September": "385",
            "Oktober": "605",
            "November": "1280",
            "Desember": "325",
            "Januari": "280",
            "Februari": "835",
            "Maret": "1330",
            "April": "1075",
            "Mei": "1345"
        },
        {
            "No.": "33",
            "Nama": "KENZO BALI ",
            "Juni": "105",
            "Juli": "375",
            "Agustus": "830",
            "September": "40",
            "Oktober": "345",
            "November": "525",
            "Desember": "420",
            "Januari": "1040",
            "Februari": "845",
            "Maret": "525",
            "April": "1030",
            "Mei": "85"
        },
        {
            "No.": "34",
            "Nama": "HERMES D�JOUR",
            "Juni": "740",
            "Juli": "645",
            "Agustus": "825",
            "September": "75",
            "Oktober": "1010",
            "November": "755",
            "Desember": "835",
            "Januari": "955",
            "Februari": "365",
            "Maret": "1460",
            "April": "25",
            "Mei": "935"
        },
        {
            "No.": "35",
            "Nama": "VIA BOMBSHELL",
            "Juni": "70",
            "Juli": "1355",
            "Agustus": "0",
            "September": "440",
            "Oktober": "605",
            "November": "65",
            "Desember": "415",
            "Januari": "545",
            "Februari": "835",
            "Maret": "795",
            "April": "130",
            "Mei": "230"
        },
        {
            "No.": "36",
            "Nama": "KATY PERRY QUEEN",
            "Juni": "285",
            "Juli": "1210",
            "Agustus": "305",
            "September": "985",
            "Oktober": "340",
            "November": "865",
            "Desember": "195",
            "Januari": "1115",
            "Februari": "1335",
            "Maret": "1470",
            "April": "585",
            "Mei": "295"
        },
        {
            "No.": "37",
            "Nama": "PIERRE CARDIN",
            "Juni": "565",
            "Juli": "815",
            "Agustus": "470",
            "September": "785",
            "Oktober": "720",
            "November": "100",
            "Desember": "1435",
            "Januari": "715",
            "Februari": "1435",
            "Maret": "1010",
            "April": "740",
            "Mei": "360"
        },
        {
            "No.": "38",
            "Nama": "D & G LA 3 BROTHER ",
            "Juni": "840",
            "Juli": "1070",
            "Agustus": "780",
            "September": "245",
            "Oktober": "1110",
            "November": "1265",
            "Desember": "820",
            "Januari": "845",
            "Februari": "710",
            "Maret": "855",
            "April": "625",
            "Mei": "800"
        },
        {
            "No.": "39",
            "Nama": "AROOSAH",
            "Juni": "1210",
            "Juli": "840",
            "Agustus": "300",
            "September": "630",
            "Oktober": "430",
            "November": "790",
            "Desember": "150",
            "Januari": "825",
            "Februari": "675",
            "Maret": "190",
            "April": "1125",
            "Mei": "1185"
        },
        {
            "No.": "40",
            "Nama": "STILL DONNA",
            "Juni": "1325",
            "Juli": "215",
            "Agustus": "1400",
            "September": "1365",
            "Oktober": "1475",
            "November": "455",
            "Desember": "300",
            "Januari": "1080",
            "Februari": "1190",
            "Maret": "325",
            "April": "1135",
            "Mei": "620"
        },
        {
            "No.": "41",
            "Nama": "CK ELECTRIC",
            "Juni": "805",
            "Juli": "890",
            "Agustus": "550",
            "September": "1215",
            "Oktober": "460",
            "November": "435",
            "Desember": "430",
            "Januari": "95",
            "Februari": "500",
            "Maret": "875",
            "April": "505",
            "Mei": "1290"
        },
        {
            "No.": "42",
            "Nama": "DUNHILL MAN",
            "Juni": "310",
            "Juli": "765",
            "Agustus": "865",
            "September": "235",
            "Oktober": "1360",
            "November": "1150",
            "Desember": "505",
            "Januari": "1455",
            "Februari": "915",
            "Maret": "1490",
            "April": "850",
            "Mei": "810"
        },
        {
            "No.": "43",
            "Nama": "CHANEL COCO NOIR",
            "Juni": "830",
            "Juli": "5",
            "Agustus": "1375",
            "September": "800",
            "Oktober": "705",
            "November": "1295",
            "Desember": "1145",
            "Januari": "130",
            "Februari": "430",
            "Maret": "250",
            "April": "1460",
            "Mei": "1465"
        },
        {
            "No.": "44",
            "Nama": "MEN BRUT",
            "Juni": "45",
            "Juli": "1180",
            "Agustus": "250",
            "September": "995",
            "Oktober": "1375",
            "November": "1200",
            "Desember": "1435",
            "Januari": "1270",
            "Februari": "1040",
            "Maret": "475",
            "April": "105",
            "Mei": "410"
        },
        {
            "No.": "45",
            "Nama": "VICTORIA DREAM ANGEL",
            "Juni": "795",
            "Juli": "1055",
            "Agustus": "1315",
            "September": "220",
            "Oktober": "1485",
            "November": "570",
            "Desember": "360",
            "Januari": "120",
            "Februari": "300",
            "Maret": "1430",
            "April": "875",
            "Mei": "1185"
        },
        {
            "No.": "46",
            "Nama": "ESCADA PASIFIC PARADISE",
            "Juni": "375",
            "Juli": "475",
            "Agustus": "1235",
            "September": "1420",
            "Oktober": "1205",
            "November": "540",
            "Desember": "630",
            "Januari": "525",
            "Februari": "1220",
            "Maret": "1205",
            "April": "1105",
            "Mei": "1470"
        },
        {
            "No.": "47",
            "Nama": "CERRUTI 1881",
            "Juni": "335",
            "Juli": "650",
            "Agustus": "1345",
            "September": "1425",
            "Oktober": "955",
            "November": "465",
            "Desember": "1090",
            "Januari": "1245",
            "Februari": "585",
            "Maret": "970",
            "April": "850",
            "Mei": "135"
        },
        {
            "No.": "48",
            "Nama": "ANNA SUI FLIGHT",
            "Juni": "605",
            "Juli": "185",
            "Agustus": "290",
            "September": "680",
            "Oktober": "1290",
            "November": "145",
            "Desember": "1245",
            "Januari": "1060",
            "Februari": "1035",
            "Maret": "430",
            "April": "885",
            "Mei": "1035"
        },
        {
            "No.": "49",
            "Nama": "FANDY FENDY",
            "Juni": "160",
            "Juli": "245",
            "Agustus": "860",
            "September": "735",
            "Oktober": "835",
            "November": "70",
            "Desember": "230",
            "Januari": "390",
            "Februari": "20",
            "Maret": "0",
            "April": "1395",
            "Mei": "1245"
        },
        {
            "No.": "50",
            "Nama": "FOREVER RED BBW ",
            "Juni": "1020",
            "Juli": "915",
            "Agustus": "405",
            "September": "1125",
            "Oktober": "1100",
            "November": "1190",
            "Desember": "265",
            "Januari": "825",
            "Februari": "935",
            "Maret": "1330",
            "April": "1085",
            "Mei": "540"
        },
        {
            "No.": "51",
            "Nama": "COCORICO BY NIGHT",
            "Juni": "630",
            "Juli": "315",
            "Agustus": "250",
            "September": "90",
            "Oktober": "755",
            "November": "1410",
            "Desember": "905",
            "Januari": "60",
            "Februari": "795",
            "Maret": "1390",
            "April": "595",
            "Mei": "1160"
        },
        {
            "No.": "52",
            "Nama": "ESCADA MAGNETISM LADY",
            "Juni": "905",
            "Juli": "500",
            "Agustus": "1125",
            "September": "1395",
            "Oktober": "40",
            "November": "440",
            "Desember": "860",
            "Januari": "5",
            "Februari": "1260",
            "Maret": "985",
            "April": "525",
            "Mei": "865"
        },
        {
            "No.": "53",
            "Nama": "BANANA REPUBLIC",
            "Juni": "175",
            "Juli": "595",
            "Agustus": "1265",
            "September": "280",
            "Oktober": "1360",
            "November": "80",
            "Desember": "1265",
            "Januari": "735",
            "Februari": "855",
            "Maret": "1250",
            "April": "20",
            "Mei": "1180"
        },
        {
            "No.": "54",
            "Nama": "BURBERRY BRIT LADY",
            "Juni": "1070",
            "Juli": "845",
            "Agustus": "885",
            "September": "795",
            "Oktober": "875",
            "November": "905",
            "Desember": "325",
            "Januari": "1035",
            "Februari": "1105",
            "Maret": "300",
            "April": "1265",
            "Mei": "1165"
        },
        {
            "No.": "55",
            "Nama": "BULGARI AU THE ROUGH",
            "Juni": "1255",
            "Juli": "985",
            "Agustus": "1400",
            "September": "1230",
            "Oktober": "260",
            "November": "1360",
            "Desember": "760",
            "Januari": "335",
            "Februari": "1265",
            "Maret": "500",
            "April": "445",
            "Mei": "360"
        },
        {
            "No.": "56",
            "Nama": "CK IN TO YOU HIM",
            "Juni": "220",
            "Juli": "1110",
            "Agustus": "530",
            "September": "590",
            "Oktober": "1025",
            "November": "1290",
            "Desember": "440",
            "Januari": "825",
            "Februari": "365",
            "Maret": "525",
            "April": "770",
            "Mei": "835"
        },
        {
            "No.": "57",
            "Nama": "CHERRY BELLE ",
            "Juni": "235",
            "Juli": "875",
            "Agustus": "1295",
            "September": "1240",
            "Oktober": "1100",
            "November": "175",
            "Desember": "1145",
            "Januari": "340",
            "Februari": "1145",
            "Maret": "865",
            "April": "1475",
            "Mei": "1405"
        },
        {
            "No.": "58",
            "Nama": "RED ROSE",
            "Juni": "970",
            "Juli": "145",
            "Agustus": "1225",
            "September": "155",
            "Oktober": "1465",
            "November": "330",
            "Desember": "1315",
            "Januari": "915",
            "Februari": "1235",
            "Maret": "495",
            "April": "745",
            "Mei": "685"
        },
        {
            "No.": "59",
            "Nama": "HYPNOSE SENSE",
            "Juni": "1390",
            "Juli": "1175",
            "Agustus": "550",
            "September": "1485",
            "Oktober": "1385",
            "November": "330",
            "Desember": "10",
            "Januari": "310",
            "Februari": "25",
            "Maret": "1400",
            "April": "410",
            "Mei": "205"
        },
        {
            "No.": "60",
            "Nama": "CK ONE RED EDITION HIM ",
            "Juni": "650",
            "Juli": "250",
            "Agustus": "1075",
            "September": "665",
            "Oktober": "640",
            "November": "920",
            "Desember": "15",
            "Januari": "640",
            "Februari": "1075",
            "Maret": "245",
            "April": "375",
            "Mei": "450"
        },
        {
            "No.": "61",
            "Nama": "HUGO BOSS IN MOTION WHITE",
            "Juni": "1270",
            "Juli": "1425",
            "Agustus": "1085",
            "September": "360",
            "Oktober": "850",
            "November": "555",
            "Desember": "605",
            "Januari": "1075",
            "Februari": "70",
            "Maret": "1005",
            "April": "1105",
            "Mei": "915"
        },
        {
            "No.": "62",
            "Nama": "JUSTIN BIEBER KEY",
            "Juni": "525",
            "Juli": "15",
            "Agustus": "1305",
            "September": "810",
            "Oktober": "605",
            "November": "25",
            "Desember": "470",
            "Januari": "1135",
            "Februari": "1015",
            "Maret": "815",
            "April": "580",
            "Mei": "1310"
        },
        {
            "No.": "63",
            "Nama": "BODY SHOP MAN",
            "Juni": "90",
            "Juli": "1000",
            "Agustus": "710",
            "September": "845",
            "Oktober": "480",
            "November": "1010",
            "Desember": "930",
            "Januari": "1050",
            "Februari": "960",
            "Maret": "1260",
            "April": "535",
            "Mei": "1415"
        },
        {
            "No.": "64",
            "Nama": "HUGO BOSS ENERGISE",
            "Juni": "930",
            "Juli": "1040",
            "Agustus": "355",
            "September": "855",
            "Oktober": "865",
            "November": "340",
            "Desember": "860",
            "Januari": "705",
            "Februari": "5",
            "Maret": "870",
            "April": "195",
            "Mei": "885"
        },
        {
            "No.": "65",
            "Nama": "CK ONE SUMMER",
            "Juni": "830",
            "Juli": "1350",
            "Agustus": "460",
            "September": "390",
            "Oktober": "1335",
            "November": "1320",
            "Desember": "955",
            "Januari": "1075",
            "Februari": "1460",
            "Maret": "445",
            "April": "1190",
            "Mei": "1395"
        },
        {
            "No.": "66",
            "Nama": "INCANTO FERRAGAMO",
            "Juni": "380",
            "Juli": "145",
            "Agustus": "1155",
            "September": "1150",
            "Oktober": "925",
            "November": "1430",
            "Desember": "180",
            "Januari": "610",
            "Februari": "1100",
            "Maret": "1210",
            "April": "360",
            "Mei": "1220"
        },
        {
            "No.": "67",
            "Nama": "LOVE BY CHLOE",
            "Juni": "855",
            "Juli": "15",
            "Agustus": "240",
            "September": "65",
            "Oktober": "885",
            "November": "700",
            "Desember": "1445",
            "Januari": "925",
            "Februari": "185",
            "Maret": "905",
            "April": "750",
            "Mei": "1235"
        },
        {
            "No.": "68",
            "Nama": "HERMES LADY",
            "Juni": "745",
            "Juli": "410",
            "Agustus": "805",
            "September": "155",
            "Oktober": "455",
            "November": "440",
            "Desember": "735",
            "Januari": "430",
            "Februari": "955",
            "Maret": "1450",
            "April": "1455",
            "Mei": "40"
        },
        {
            "No.": "69",
            "Nama": "LANVIN MARRY ME",
            "Juni": "620",
            "Juli": "1020",
            "Agustus": "910",
            "September": "395",
            "Oktober": "740",
            "November": "1380",
            "Desember": "1035",
            "Januari": "1340",
            "Februari": "1020",
            "Maret": "495",
            "April": "555",
            "Mei": "105"
        },
        {
            "No.": "70",
            "Nama": "ISSEY MIYAKE HOMME SPORT ",
            "Juni": "80",
            "Juli": "305",
            "Agustus": "1030",
            "September": "285",
            "Oktober": "1060",
            "November": "1025",
            "Desember": "490",
            "Januari": "440",
            "Februari": "100",
            "Maret": "1065",
            "April": "535",
            "Mei": "745"
        },
        {
            "No.": "71",
            "Nama": "SPALDING",
            "Juni": "1400",
            "Juli": "1175",
            "Agustus": "890",
            "September": "185",
            "Oktober": "1000",
            "November": "1400",
            "Desember": "1075",
            "Januari": "1205",
            "Februari": "1225",
            "Maret": "1180",
            "April": "715",
            "Mei": "300"
        },
        {
            "No.": "72",
            "Nama": "BURBERRY SPORT ICE",
            "Juni": "425",
            "Juli": "295",
            "Agustus": "630",
            "September": "1300",
            "Oktober": "1340",
            "November": "880",
            "Desember": "835",
            "Januari": "1255",
            "Februari": "1040",
            "Maret": "760",
            "April": "390",
            "Mei": "1300"
        },
        {
            "No.": "73",
            "Nama": "DKNY BE DELICIOUS NIGHT",
            "Juni": "1475",
            "Juli": "100",
            "Agustus": "1380",
            "September": "1365",
            "Oktober": "280",
            "November": "1225",
            "Desember": "70",
            "Januari": "1140",
            "Februari": "75",
            "Maret": "445",
            "April": "645",
            "Mei": "205"
        },
        {
            "No.": "74",
            "Nama": "CHANEL CHANCE TENDER",
            "Juni": "1395",
            "Juli": "1200",
            "Agustus": "230",
            "September": "1440",
            "Oktober": "160",
            "November": "1110",
            "Desember": "750",
            "Januari": "815",
            "Februari": "1185",
            "Maret": "85",
            "April": "1400",
            "Mei": "1255"
        },
        {
            "No.": "75",
            "Nama": "MISIK HITAM",
            "Juni": "45",
            "Juli": "1350",
            "Agustus": "650",
            "September": "595",
            "Oktober": "555",
            "November": "175",
            "Desember": "940",
            "Januari": "655",
            "Februari": "1270",
            "Maret": "420",
            "April": "905",
            "Mei": "1060"
        },
        {
            "No.": "76",
            "Nama": "ASEEL",
            "Juni": "1015",
            "Juli": "180",
            "Agustus": "835",
            "September": "170",
            "Oktober": "1315",
            "November": "980",
            "Desember": "1030",
            "Januari": "715",
            "Februari": "380",
            "Maret": "1385",
            "April": "290",
            "Mei": "1315"
        },
        {
            "No.": "77",
            "Nama": "GIORGIO ARMANI CODE ICE ",
            "Juni": "100",
            "Juli": "1035",
            "Agustus": "1335",
            "September": "1225",
            "Oktober": "1460",
            "November": "225",
            "Desember": "370",
            "Januari": "165",
            "Februari": "120",
            "Maret": "160",
            "April": "1455",
            "Mei": "1115"
        },
        {
            "No.": "78",
            "Nama": "CK ONE SUMMER 2014 ",
            "Juni": "195",
            "Juli": "535",
            "Agustus": "980",
            "September": "175",
            "Oktober": "485",
            "November": "680",
            "Desember": "55",
            "Januari": "460",
            "Februari": "450",
            "Maret": "895",
            "April": "195",
            "Mei": "1220"
        },
        {
            "No.": "79",
            "Nama": "KENZO LEOPARD MAN",
            "Juni": "1390",
            "Juli": "1395",
            "Agustus": "1485",
            "September": "615",
            "Oktober": "960",
            "November": "1370",
            "Desember": "160",
            "Januari": "710",
            "Februari": "905",
            "Maret": "350",
            "April": "85",
            "Mei": "135"
        },
        {
            "No.": "80",
            "Nama": "KENZO INDIGO",
            "Juni": "170",
            "Juli": "380",
            "Agustus": "455",
            "September": "885",
            "Oktober": "860",
            "November": "855",
            "Desember": "825",
            "Januari": "195",
            "Februari": "1070",
            "Maret": "1130",
            "April": "100",
            "Mei": "1310"
        },
        {
            "No.": "81",
            "Nama": "JESSICA PARKER",
            "Juni": "715",
            "Juli": "390",
            "Agustus": "1315",
            "September": "1255",
            "Oktober": "35",
            "November": "1005",
            "Desember": "1350",
            "Januari": "440",
            "Februari": "550",
            "Maret": "890",
            "April": "695",
            "Mei": "750"
        },
        {
            "No.": "82",
            "Nama": "VERA WANG PRINCESS",
            "Juni": "340",
            "Juli": "1315",
            "Agustus": "570",
            "September": "985",
            "Oktober": "1415",
            "November": "215",
            "Desember": "170",
            "Januari": "285",
            "Februari": "1340",
            "Maret": "495",
            "April": "815",
            "Mei": "490"
        },
        {
            "No.": "83",
            "Nama": "VALENTINO ROSSI",
            "Juni": "1120",
            "Juli": "430",
            "Agustus": "1435",
            "September": "1090",
            "Oktober": "1390",
            "November": "1395",
            "Desember": "1035",
            "Januari": "770",
            "Februari": "1235",
            "Maret": "1450",
            "April": "595",
            "Mei": "230"
        },
        {
            "No.": "84",
            "Nama": "BCL BUNGA CITRA LESTARI",
            "Juni": "180",
            "Juli": "555",
            "Agustus": "735",
            "September": "1180",
            "Oktober": "100",
            "November": "1185",
            "Desember": "1030",
            "Januari": "410",
            "Februari": "1330",
            "Maret": "480",
            "April": "590",
            "Mei": "1200"
        },
        {
            "No.": "85",
            "Nama": "BARCELONA",
            "Juni": "1035",
            "Juli": "1310",
            "Agustus": "225",
            "September": "585",
            "Oktober": "1125",
            "November": "440",
            "Desember": "45",
            "Januari": "1470",
            "Februari": "630",
            "Maret": "1050",
            "April": "375",
            "Mei": "30"
        },
        {
            "No.": "86",
            "Nama": "ETERNITY NOW FOR BY CK ",
            "Juni": "750",
            "Juli": "215",
            "Agustus": "1155",
            "September": "1365",
            "Oktober": "60",
            "November": "1195",
            "Desember": "260",
            "Januari": "25",
            "Februari": "1005",
            "Maret": "635",
            "April": "1040",
            "Mei": "930"
        },
        {
            "No.": "87",
            "Nama": "CHANEL COCO NOIR",
            "Juni": "1060",
            "Juli": "960",
            "Agustus": "810",
            "September": "1385",
            "Oktober": "70",
            "November": "860",
            "Desember": "1325",
            "Januari": "55",
            "Februari": "1360",
            "Maret": "110",
            "April": "1400",
            "Mei": "135"
        },
        {
            "No.": "88",
            "Nama": "BURBERRY BRIT GOLD",
            "Juni": "345",
            "Juli": "1055",
            "Agustus": "790",
            "September": "880",
            "Oktober": "1185",
            "November": "1090",
            "Desember": "1165",
            "Januari": "540",
            "Februari": "420",
            "Maret": "1060",
            "April": "1365",
            "Mei": "1115"
        },
        {
            "No.": "89",
            "Nama": "CARTIER ROOSTER",
            "Juni": "595",
            "Juli": "70",
            "Agustus": "1360",
            "September": "850",
            "Oktober": "270",
            "November": "535",
            "Desember": "1425",
            "Januari": "5",
            "Februari": "1045",
            "Maret": "1290",
            "April": "150",
            "Mei": "185"
        },
        {
            "No.": "90",
            "Nama": "MUKHALLAT REIS",
            "Juni": "1445",
            "Juli": "450",
            "Agustus": "340",
            "September": "995",
            "Oktober": "780",
            "November": "1310",
            "Desember": "1170",
            "Januari": "815",
            "Februari": "1325",
            "Maret": "995",
            "April": "445",
            "Mei": "215"
        },
        {
            "No.": "91",
            "Nama": "LIONEL MESSI",
            "Juni": "490",
            "Juli": "650",
            "Agustus": "1215",
            "September": "595",
            "Oktober": "1420",
            "November": "1210",
            "Desember": "1220",
            "Januari": "1095",
            "Februari": "1000",
            "Maret": "1155",
            "April": "985",
            "Mei": "1190"
        },
        {
            "No.": "92",
            "Nama": "MAHER ZAIN",
            "Juni": "210",
            "Juli": "155",
            "Agustus": "385",
            "September": "210",
            "Oktober": "1480",
            "November": "450",
            "Desember": "1180",
            "Januari": "1085",
            "Februari": "265",
            "Maret": "25",
            "April": "1415",
            "Mei": "465"
        },
        {
            "No.": "93",
            "Nama": "MONT BLANC LEGEND ",
            "Juni": "805",
            "Juli": "275",
            "Agustus": "765",
            "September": "290",
            "Oktober": "1500",
            "November": "175",
            "Desember": "1080",
            "Januari": "440",
            "Februari": "1475",
            "Maret": "815",
            "April": "1355",
            "Mei": "25"
        },
        {
            "No.": "94",
            "Nama": "BULGARI BLV MAN",
            "Juni": "790",
            "Juli": "365",
            "Agustus": "365",
            "September": "90",
            "Oktober": "165",
            "November": "815",
            "Desember": "80",
            "Januari": "1390",
            "Februari": "195",
            "Maret": "575",
            "April": "500",
            "Mei": "805"
        },
        {
            "No.": "95",
            "Nama": "ETERNITY LOVE",
            "Juni": "1195",
            "Juli": "685",
            "Agustus": "245",
            "September": "325",
            "Oktober": "310",
            "November": "1140",
            "Desember": "955",
            "Januari": "480",
            "Februari": "1060",
            "Maret": "305",
            "April": "110",
            "Mei": "1340"
        },
        {
            "No.": "96",
            "Nama": "BULGARI AQUA MARINE",
            "Juni": "1145",
            "Juli": "225",
            "Agustus": "200",
            "September": "1110",
            "Oktober": "1075",
            "November": "775",
            "Desember": "790",
            "Januari": "335",
            "Februari": "1120",
            "Maret": "905",
            "April": "1380",
            "Mei": "30"
        },
        {
            "No.": "97",
            "Nama": "AMOR AMOR CACHAREL SCARLETT",
            "Juni": "1030",
            "Juli": "905",
            "Agustus": "1450",
            "September": "1340",
            "Oktober": "920",
            "November": "1220",
            "Desember": "1240",
            "Januari": "1290",
            "Februari": "1290",
            "Maret": "475",
            "April": "865",
            "Mei": "815"
        },
        {
            "No.": "98",
            "Nama": "CK IN TO YOU HIM",
            "Juni": "725",
            "Juli": "1040",
            "Agustus": "220",
            "September": "1285",
            "Oktober": "1405",
            "November": "1015",
            "Desember": "705",
            "Januari": "750",
            "Februari": "1430",
            "Maret": "390",
            "April": "1110",
            "Mei": "575"
        },
        {
            "No.": "99",
            "Nama": "GUESS SEDUCTIVE WILD SUMMER",
            "Juni": "1230",
            "Juli": "1100",
            "Agustus": "1165",
            "September": "1080",
            "Oktober": "415",
            "November": "650",
            "Desember": "450",
            "Januari": "1190",
            "Februari": "615",
            "Maret": "540",
            "April": "200",
            "Mei": "1215"
        },
        {
            "No.": "100",
            "Nama": "SEAN JOHN I AM KING ",
            "Juni": "400",
            "Juli": "75",
            "Agustus": "230",
            "September": "95",
            "Oktober": "720",
            "November": "1220",
            "Desember": "245",
            "Januari": "380",
            "Februari": "695",
            "Maret": "880",
            "April": "965",
            "Mei": "465"
        }
    ]
, "Prediksi": [
        {
            "No": "1",
            "Nama": "VICTORIA SECRET LOVE",
            "Juni": "594",
            "Juli": "793",
            "Agustus": "1267",
            "September": "1373",
            "Oktober": "812",
            "November": "144",
            "Desember": "104",
            "Januari": "793",
            "Februari": "795",
            "Maret": "1173",
            "April": "207",
            "Mei": "984"
        },
        {
            "No": "2",
            "Nama": "JAGUAR CLASIC",
            "Juni": "74",
            "Juli": "228",
            "Agustus": "1143",
            "September": "1388",
            "Oktober": "1475",
            "November": "886",
            "Desember": "534",
            "Januari": "814",
            "Februari": "1067",
            "Maret": "129",
            "April": "764",
            "Mei": "274"
        },
        {
            "No": "3",
            "Nama": "PLAYBOY SEXY",
            "Juni": "1275",
            "Juli": "1149",
            "Agustus": "596",
            "September": "195",
            "Oktober": "951",
            "November": "1328",
            "Desember": "1442",
            "Januari": "1256",
            "Februari": "1129",
            "Maret": "1229",
            "April": "541",
            "Mei": "1121"
        },
        {
            "No": "4",
            "Nama": "VICTORIA SECRET PINK SURF",
            "Juni": "1299",
            "Juli": "1268",
            "Agustus": "631",
            "September": "599",
            "Oktober": "991",
            "November": "959",
            "Desember": "240",
            "Januari": "195",
            "Februari": "276",
            "Maret": "518",
            "April": "290",
            "Mei": "637"
        },
        {
            "No": "5",
            "Nama": "BENETTON COOL",
            "Juni": "963",
            "Juli": "249",
            "Agustus": "1231",
            "September": "488",
            "Oktober": "107",
            "November": "74",
            "Desember": "124",
            "Januari": "993",
            "Februari": "108",
            "Maret": "1284",
            "April": "1402",
            "Mei": "397"
        },
        {
            "No": "6",
            "Nama": "AZZARO TWIN MAN",
            "Juni": "283",
            "Juli": "199",
            "Agustus": "555",
            "September": "555",
            "Oktober": "1262",
            "November": "437",
            "Desember": "494",
            "Januari": "1008",
            "Februari": "1442",
            "Maret": "846",
            "April": "143",
            "Mei": "541"
        },
        {
            "No": "7",
            "Nama": "COKLAT CAPPUCINO",
            "Juni": "1162",
            "Juli": "170",
            "Agustus": "688",
            "September": "456",
            "Oktober": "995",
            "November": "293",
            "Desember": "259",
            "Januari": "530",
            "Februari": "498",
            "Maret": "833",
            "April": "209",
            "Mei": "1344"
        },
        {
            "No": "8",
            "Nama": "TAYLOR SWIFT",
            "Juni": "1335",
            "Juli": "705",
            "Agustus": "79",
            "September": "948",
            "Oktober": "1377",
            "November": "1038",
            "Desember": "108",
            "Januari": "942",
            "Februari": "144",
            "Maret": "226",
            "April": "788",
            "Mei": "281"
        },
        {
            "No": "9",
            "Nama": "AIGNER BLUE ( KEVA )",
            "Juni": "1444",
            "Juli": "954",
            "Agustus": "1270",
            "September": "1193",
            "Oktober": "322",
            "November": "649",
            "Desember": "762",
            "Januari": "535",
            "Februari": "261",
            "Maret": "580",
            "April": "521",
            "Mei": "826"
        },
        {
            "No": "10",
            "Nama": "ISSEY MIYAKE HOMME SPORT ",
            "Juni": "781",
            "Juli": "1136",
            "Agustus": "703",
            "September": "1200",
            "Oktober": "907",
            "November": "271",
            "Desember": "1373",
            "Januari": "470",
            "Februari": "1289",
            "Maret": "327",
            "April": "627",
            "Mei": "1116"
        },
        {
            "No": "11",
            "Nama": "BEYOND PARADISE",
            "Juni": "1099",
            "Juli": "992",
            "Agustus": "473",
            "September": "529",
            "Oktober": "1209",
            "November": "463",
            "Desember": "1000",
            "Januari": "708",
            "Februari": "507",
            "Maret": "244",
            "April": "974",
            "Mei": "565"
        },
        {
            "No": "12",
            "Nama": "DAVIDOFF GAME LADY",
            "Juni": "542",
            "Juli": "1395",
            "Agustus": "365",
            "September": "927",
            "Oktober": "939",
            "November": "1079",
            "Desember": "1206",
            "Januari": "202",
            "Februari": "425",
            "Maret": "556",
            "April": "1208",
            "Mei": "616"
        },
        {
            "No": "13",
            "Nama": "DKNY GOLDEN DELICIOUS",
            "Juni": "791",
            "Juli": "1276",
            "Agustus": "947",
            "September": "788",
            "Oktober": "1307",
            "November": "486",
            "Desember": "242",
            "Januari": "1352",
            "Februari": "302",
            "Maret": "1214",
            "April": "472",
            "Mei": "88"
        },
        {
            "No": "14",
            "Nama": "JESSICA SIMPSON BLOOM",
            "Juni": "831",
            "Juli": "911",
            "Agustus": "361",
            "September": "1197",
            "Oktober": "786",
            "November": "1015",
            "Desember": "556",
            "Januari": "609",
            "Februari": "475",
            "Maret": "1096",
            "April": "677",
            "Mei": "194"
        },
        {
            "No": "15",
            "Nama": "COACH POPPY",
            "Juni": "641",
            "Juli": "195",
            "Agustus": "1347",
            "September": "828",
            "Oktober": "1050",
            "November": "645",
            "Desember": "384",
            "Januari": "187",
            "Februari": "815",
            "Maret": "869",
            "April": "1014",
            "Mei": "133"
        },
        {
            "No": "16",
            "Nama": "STILL DONNA",
            "Juni": "67",
            "Juli": "1109",
            "Agustus": "601",
            "September": "1172",
            "Oktober": "1319",
            "November": "1014",
            "Desember": "389",
            "Januari": "763",
            "Februari": "1318",
            "Maret": "1036",
            "April": "1166",
            "Mei": "1039"
        },
        {
            "No": "17",
            "Nama": "ANGEL MAN",
            "Juni": "497",
            "Juli": "770",
            "Agustus": "1058",
            "September": "1204",
            "Oktober": "399",
            "November": "823",
            "Desember": "1000",
            "Januari": "114",
            "Februari": "866",
            "Maret": "537",
            "April": "711",
            "Mei": "836"
        },
        {
            "No": "18",
            "Nama": "BURBERRY MAN",
            "Juni": "1209",
            "Juli": "1372",
            "Agustus": "299",
            "September": "817",
            "Oktober": "307",
            "November": "1048",
            "Desember": "982",
            "Januari": "1232",
            "Februari": "1131",
            "Maret": "428",
            "April": "250",
            "Mei": "515"
        },
        {
            "No": "19",
            "Nama": "JLO PLATINUM",
            "Juni": "704",
            "Juli": "691",
            "Agustus": "1221",
            "September": "905",
            "Oktober": "1027",
            "November": "229",
            "Desember": "270",
            "Januari": "734",
            "Februari": "1243",
            "Maret": "457",
            "April": "122",
            "Mei": "291"
        },
        {
            "No": "20",
            "Nama": "TOMMY T WOMEN",
            "Juni": "302",
            "Juli": "750",
            "Agustus": "705",
            "September": "467",
            "Oktober": "870",
            "November": "753",
            "Desember": "1308",
            "Januari": "765",
            "Februari": "905",
            "Maret": "1044",
            "April": "262",
            "Mei": "769"
        },
        {
            "No": "21",
            "Nama": "VICTORIA SECRET NIGHT ",
            "Juni": "263",
            "Juli": "418",
            "Agustus": "951",
            "September": "1108",
            "Oktober": "795",
            "November": "367",
            "Desember": "658",
            "Januari": "75",
            "Februari": "601",
            "Maret": "942",
            "April": "1192",
            "Mei": "1051"
        },
        {
            "No": "22",
            "Nama": "TOMMY JEANS",
            "Juni": "679",
            "Juli": "1206",
            "Agustus": "184",
            "September": "572",
            "Oktober": "1043",
            "November": "937",
            "Desember": "962",
            "Januari": "1194",
            "Februari": "164",
            "Maret": "880",
            "April": "1083",
            "Mei": "941"
        },
        {
            "No": "23",
            "Nama": "BE ENCHANTED",
            "Juni": "401",
            "Juli": "603",
            "Agustus": "119",
            "September": "88",
            "Oktober": "121",
            "November": "471",
            "Desember": "421",
            "Januari": "578",
            "Februari": "611",
            "Maret": "930",
            "April": "390",
            "Mei": "1083"
        },
        {
            "No": "24",
            "Nama": "KATY PERRY KILLER QUEEN",
            "Juni": "190",
            "Juli": "707",
            "Agustus": "215",
            "September": "323",
            "Oktober": "563",
            "November": "1105",
            "Desember": "1253",
            "Januari": "1435",
            "Februari": "1012",
            "Maret": "713",
            "April": "1169",
            "Mei": "742"
        },
        {
            "No": "25",
            "Nama": "MONT BLANC INDIVIDUEL",
            "Juni": "1019",
            "Juli": "633",
            "Agustus": "594",
            "September": "235",
            "Oktober": "514",
            "November": "1311",
            "Desember": "203",
            "Januari": "830",
            "Februari": "88",
            "Maret": "351",
            "April": "571",
            "Mei": "773"
        },
        {
            "No": "26",
            "Nama": "BULGARI JASMIN NOIR",
            "Juni": "744",
            "Juli": "470",
            "Agustus": "835",
            "September": "196",
            "Oktober": "1271",
            "November": "550",
            "Desember": "474",
            "Januari": "1199",
            "Februari": "1101",
            "Maret": "164",
            "April": "1002",
            "Mei": "1086"
        },
        {
            "No": "27",
            "Nama": "HUGO BOSS THE SCENT ",
            "Juni": "913",
            "Juli": "195",
            "Agustus": "1360",
            "September": "676",
            "Oktober": "617",
            "November": "183",
            "Desember": "734",
            "Januari": "676",
            "Februari": "351",
            "Maret": "1025",
            "April": "251",
            "Mei": "547"
        },
        {
            "No": "28",
            "Nama": "HUGO BOSS FEMME",
            "Juni": "261",
            "Juli": "305",
            "Agustus": "652",
            "September": "1411",
            "Oktober": "330",
            "November": "191",
            "Desember": "726",
            "Januari": "437",
            "Februari": "840",
            "Maret": "615",
            "April": "1020",
            "Mei": "858"
        },
        {
            "No": "29",
            "Nama": "MOSCHINO FRESH",
            "Juni": "332",
            "Juli": "1379",
            "Agustus": "961",
            "September": "1239",
            "Oktober": "142",
            "November": "1022",
            "Desember": "1016",
            "Januari": "844",
            "Februari": "1133",
            "Maret": "716",
            "April": "400",
            "Mei": "909"
        },
        {
            "No": "30",
            "Nama": "DAVIDOFF CHAMPION",
            "Juni": "355",
            "Juli": "166",
            "Agustus": "1070",
            "September": "264",
            "Oktober": "886",
            "November": "197",
            "Desember": "290",
            "Januari": "371",
            "Februari": "447",
            "Maret": "135",
            "April": "931",
            "Mei": "1056"
        },
        {
            "No": "31",
            "Nama": "1 MILLION",
            "Juni": "839",
            "Juli": "1060",
            "Agustus": "246",
            "September": "182",
            "Oktober": "1242",
            "November": "1326",
            "Desember": "686",
            "Januari": "375",
            "Februari": "582",
            "Maret": "1062",
            "April": "1258",
            "Mei": "531"
        },
        {
            "No": "32",
            "Nama": "D & G VELVET VETIVER",
            "Juni": "204",
            "Juli": "1168",
            "Agustus": "913",
            "September": "793",
            "Oktober": "426",
            "November": "587",
            "Desember": "1211",
            "Januari": "414",
            "Februari": "293",
            "Maret": "781",
            "April": "1275",
            "Mei": "1095"
        },
        {
            "No": "33",
            "Nama": "KENZO BALI ",
            "Juni": "271",
            "Juli": "122",
            "Agustus": "350",
            "September": "782",
            "Oktober": "114",
            "November": "322",
            "Desember": "505",
            "Januari": "428",
            "Februari": "979",
            "Maret": "858",
            "April": "558",
            "Mei": "983"
        },
        {
            "No": "34",
            "Nama": "HERMES D�JOUR",
            "Juni": "1376",
            "Juli": "804",
            "Agustus": "661",
            "September": "809",
            "Oktober": "148",
            "November": "924",
            "Desember": "772",
            "Januari": "829",
            "Februari": "942",
            "Maret": "423",
            "April": "1356",
            "Mei": "158"
        },
        {
            "No": "35",
            "Nama": "VIA BOMBSHELL",
            "Juni": "530",
            "Juli": "116",
            "Agustus": "1231",
            "September": "123",
            "Oktober": "408",
            "November": "585",
            "Desember": "117",
            "Januari": "385",
            "Februari": "529",
            "Maret": "804",
            "April": "796",
            "Mei": "197"
        },
        {
            "No": "36",
            "Nama": "KATY PERRY QUEEN",
            "Juni": "223",
            "Juli": "279",
            "Agustus": "1117",
            "September": "386",
            "Oktober": "925",
            "November": "399",
            "Desember": "818",
            "Januari": "257",
            "Februari": "1029",
            "Maret": "1304",
            "April": "1453",
            "Mei": "672"
        },
        {
            "No": "37",
            "Nama": "PIERRE CARDIN",
            "Juni": "1114",
            "Juli": "620",
            "Agustus": "795",
            "September": "503",
            "Oktober": "757",
            "November": "724",
            "Desember": "162",
            "Januari": "1308",
            "Februari": "774",
            "Maret": "1369",
            "April": "1046",
            "Mei": "771"
        },
        {
            "No": "38",
            "Nama": "D & G LA 3 BROTHER ",
            "Juni": "173",
            "Juli": "773",
            "Agustus": "1040",
            "September": "806",
            "Oktober": "301",
            "November": "1029",
            "Desember": "1241",
            "Januari": "862",
            "Februari": "847",
            "Maret": "724",
            "April": "842",
            "Mei": "647"
        },
        {
            "No": "39",
            "Nama": "AROOSAH",
            "Juni": "525",
            "Juli": "1142",
            "Agustus": "870",
            "September": "357",
            "Oktober": "603",
            "November": "447",
            "Desember": "756",
            "Januari": "211",
            "Februari": "764",
            "Maret": "684",
            "April": "239",
            "Mei": "1036"
        },
        {
            "No": "40",
            "Nama": "STILL DONNA",
            "Juni": "463",
            "Juli": "1239",
            "Agustus": "317",
            "September": "1292",
            "Oktober": "1358",
            "November": "1463",
            "Desember": "556",
            "Januari": "326",
            "Februari": "1005",
            "Maret": "1171",
            "April": "410",
            "Mei": "1062"
        },
        {
            "No": "41",
            "Nama": "CK ELECTRIC",
            "Juni": "1228",
            "Juli": "847",
            "Agustus": "886",
            "September": "584",
            "Oktober": "1152",
            "November": "529",
            "Desember": "444",
            "Januari": "431",
            "Februari": "129",
            "Maret": "463",
            "April": "834",
            "Mei": "538"
        },
        {
            "No": "42",
            "Nama": "DUNHILL MAN",
            "Juni": "1355",
            "Juli": "414",
            "Agustus": "730",
            "September": "851",
            "Oktober": "297",
            "November": "1254",
            "Desember": "1160",
            "Januari": "571",
            "Februari": "1367",
            "Maret": "960",
            "April": "1437",
            "Mei": "909"
        },
        {
            "No": "43",
            "Nama": "CHANEL COCO NOIR",
            "Juni": "1018",
            "Juli": "849",
            "Agustus": "89",
            "September": "1246",
            "Oktober": "845",
            "November": "719",
            "Desember": "1237",
            "Januari": "1154",
            "Februari": "232",
            "Maret": "410",
            "April": "266",
            "Mei": "1341"
        },
        {
            "No": "44",
            "Nama": "MEN BRUT",
            "Juni": "1139",
            "Juli": "154",
            "Agustus": "1077",
            "September": "333",
            "Oktober": "929",
            "November": "1330",
            "Desember": "1213",
            "Januari": "1413",
            "Februari": "1284",
            "Maret": "1064",
            "April": "534",
            "Mei": "148"
        },
        {
            "No": "45",
            "Nama": "VICTORIA DREAM ANGEL",
            "Juni": "810",
            "Juli": "797",
            "Agustus": "1029",
            "September": "1286",
            "Oktober": "327",
            "November": "1369",
            "Desember": "650",
            "Januari": "389",
            "Februari": "147",
            "Maret": "285",
            "April": "1315",
            "Mei": "919"
        },
        {
            "No": "46",
            "Nama": "ESCADA PASIFIC PARADISE",
            "Juni": "496",
            "Juli": "387",
            "Agustus": "466",
            "September": "1158",
            "Oktober": "1394",
            "November": "1224",
            "Desember": "608",
            "Januari": "628",
            "Februari": "535",
            "Maret": "1152",
            "April": "1200",
            "Mei": "1114"
        },
        {
            "No": "47",
            "Nama": "CERRUTI 1881",
            "Juni": "966",
            "Juli": "398",
            "Agustus": "625",
            "September": "1273",
            "Oktober": "1410",
            "November": "1000",
            "Desember": "519",
            "Januari": "1033",
            "Februari": "1224",
            "Maret": "649",
            "April": "938",
            "Mei": "859"
        },
        {
            "No": "48",
            "Nama": "ANNA SUI FLIGHT",
            "Juni": "640",
            "Juli": "609",
            "Agustus": "227",
            "September": "284",
            "Oktober": "640",
            "November": "1225",
            "Desember": "253",
            "Januari": "1146",
            "Februari": "1069",
            "Maret": "1038",
            "April": "491",
            "Mei": "846"
        },
        {
            "No": "49",
            "Nama": "FANDY FENDY",
            "Juni": "1054",
            "Juli": "249",
            "Agustus": "245",
            "September": "799",
            "Oktober": "741",
            "November": "826",
            "Desember": "146",
            "Januari": "222",
            "Februari": "373",
            "Maret": "55",
            "April": "6",
            "Mei": "1256"
        },
        {
            "No": "50",
            "Nama": "FOREVER RED BBW ",
            "Juni": "937",
            "Juli": "1012",
            "Agustus": "925",
            "September": "457",
            "Oktober": "1058",
            "November": "1096",
            "Desember": "1181",
            "Januari": "357",
            "Februari": "778",
            "Maret": "919",
            "April": "1289",
            "Mei": "1105"
        },
        {
            "No": "51",
            "Nama": "COCORICO BY NIGHT",
            "Juni": "470",
            "Juli": "614",
            "Agustus": "345",
            "September": "259",
            "Oktober": "107",
            "November": "690",
            "Desember": "1338",
            "Januari": "948",
            "Februari": "149",
            "Maret": "730",
            "April": "1324",
            "Mei": "668"
        },
        {
            "No": "52",
            "Nama": "ESCADA MAGNETISM LADY",
            "Juni": "630",
            "Juli": "877",
            "Agustus": "538",
            "September": "1066",
            "Oktober": "1362",
            "November": "172",
            "Desember": "413",
            "Januari": "815",
            "Februari": "86",
            "Maret": "1143",
            "April": "1001",
            "Mei": "573"
        },
        {
            "No": "53",
            "Nama": "BANANA REPUBLIC",
            "Juni": "1020",
            "Juli": "260",
            "Agustus": "561",
            "September": "1195",
            "Oktober": "371",
            "November": "1261",
            "Desember": "198",
            "Januari": "1158",
            "Februari": "777",
            "Maret": "847",
            "April": "1210",
            "Mei": "139"
        },
        {
            "No": "54",
            "Nama": "BURBERRY BRIT LADY",
            "Juni": "680",
            "Juli": "1031",
            "Agustus": "864",
            "September": "883",
            "Oktober": "804",
            "November": "868",
            "Desember": "901",
            "Januari": "383",
            "Februari": "970",
            "Maret": "1091",
            "April": "379",
            "Mei": "1176"
        },
        {
            "No": "55",
            "Nama": "BULGARI AU THE ROUGH",
            "Juni": "253",
            "Juli": "1155",
            "Agustus": "1002",
            "September": "1360",
            "Oktober": "1243",
            "November": "358",
            "Desember": "1260",
            "Januari": "810",
            "Februari": "382",
            "Maret": "1177",
            "April": "568",
            "Mei": "457"
        },
        {
            "No": "56",
            "Nama": "CK IN TO YOU HIM",
            "Juni": "158",
            "Juli": "214",
            "Agustus": "1020",
            "September": "579",
            "Oktober": "589",
            "November": "981",
            "Desember": "1259",
            "Januari": "522",
            "Februari": "795",
            "Maret": "408",
            "April": "513",
            "Mei": "744"
        },
        {
            "No": "57",
            "Nama": "CHERRY BELLE ",
            "Juni": "1209",
            "Juli": "332",
            "Agustus": "821",
            "September": "1248",
            "Oktober": "1241",
            "November": "1114",
            "Desember": "269",
            "Januari": "1057",
            "Februari": "412",
            "Maret": "1072",
            "April": "886",
            "Mei": "1416"
        },
        {
            "No": "58",
            "Nama": "RED ROSE",
            "Juni": "325",
            "Juli": "906",
            "Agustus": "221",
            "September": "1125",
            "Oktober": "252",
            "November": "1344",
            "Desember": "431",
            "Januari": "1227",
            "Februari": "946",
            "Maret": "1206",
            "April": "566",
            "Mei": "727"
        },
        {
            "No": "59",
            "Nama": "HYPNOSE SENSE",
            "Juni": "615",
            "Juli": "1312",
            "Agustus": "1189",
            "September": "614",
            "Oktober": "1398",
            "November": "1386",
            "Desember": "436",
            "Januari": "53",
            "Februari": "284",
            "Maret": "51",
            "April": "1265",
            "Mei": "496"
        },
        {
            "No": "60",
            "Nama": "CK ONE RED EDITION HIM ",
            "Juni": "909",
            "Juli": "676",
            "Agustus": "293",
            "September": "997",
            "Oktober": "698",
            "November": "646",
            "Desember": "893",
            "Januari": "103",
            "Februari": "586",
            "Maret": "1026",
            "April": "323",
            "Mei": "370"
        },
        {
            "No": "61",
            "Nama": "HUGO BOSS IN MOTION WHITE",
            "Juni": "463",
            "Juli": "1189",
            "Agustus": "1401",
            "September": "1117",
            "Oktober": "436",
            "November": "809",
            "Desember": "580",
            "Januari": "603",
            "Februari": "1028",
            "Maret": "166",
            "April": "921",
            "Mei": "1087"
        },
        {
            "No": "62",
            "Nama": "JUSTIN BIEBER KEY",
            "Juni": "1052",
            "Juli": "578",
            "Agustus": "71",
            "September": "1182",
            "Oktober": "847",
            "November": "629",
            "Desember": "85",
            "Januari": "432",
            "Februari": "1065",
            "Maret": "1020",
            "April": "835",
            "Mei": "606"
        },
        {
            "No": "63",
            "Nama": "BODY SHOP MAN",
            "Juni": "326",
            "Juli": "114",
            "Agustus": "911",
            "September": "730",
            "Oktober": "834",
            "November": "515",
            "Desember": "961",
            "Januari": "933",
            "Februari": "1038",
            "Maret": "968",
            "April": "1231",
            "Mei": "605"
        },
        {
            "No": "64",
            "Nama": "HUGO BOSS ENERGISE",
            "Juni": "1174",
            "Juli": "954",
            "Agustus": "1031",
            "September": "423",
            "Oktober": "812",
            "November": "860",
            "Desember": "392",
            "Januari": "813",
            "Februari": "716",
            "Maret": "76",
            "April": "791",
            "Mei": "255"
        },
        {
            "No": "65",
            "Nama": "CK ONE SUMMER",
            "Juni": "158",
            "Juli": "763",
            "Agustus": "1291",
            "September": "543",
            "Oktober": "405",
            "November": "1242",
            "Desember": "1312",
            "Januari": "991",
            "Februari": "1067",
            "Maret": "1421",
            "April": "543",
            "Mei": "1125"
        },
        {
            "No": "66",
            "Nama": "INCANTO FERRAGAMO",
            "Juni": "393",
            "Juli": "381",
            "Agustus": "169",
            "September": "1056",
            "Oktober": "1141",
            "November": "947",
            "Desember": "1382",
            "Januari": "300",
            "Februari": "579",
            "Maret": "1048",
            "April": "1194",
            "Mei": "443"
        },
        {
            "No": "67",
            "Nama": "LOVE BY CHLOE",
            "Juni": "313",
            "Juli": "801",
            "Agustus": "94",
            "September": "225",
            "Oktober": "81",
            "November": "805",
            "Desember": "710",
            "Januari": "1372",
            "Februari": "970",
            "Maret": "263",
            "April": "841",
            "Mei": "759"
        },
        {
            "No": "68",
            "Nama": "HERMES LADY",
            "Juni": "1071",
            "Juli": "778",
            "Agustus": "447",
            "September": "769",
            "Oktober": "216",
            "November": "431",
            "Desember": "439",
            "Januari": "705",
            "Februari": "458",
            "Maret": "905",
            "April": "1396",
            "Mei": "1449"
        },
        {
            "No": "69",
            "Nama": "LANVIN MARRY ME",
            "Juni": "469",
            "Juli": "605",
            "Agustus": "978",
            "September": "917",
            "Oktober": "447",
            "November": "711",
            "Desember": "1313",
            "Januari": "1063",
            "Februari": "1312",
            "Maret": "1049",
            "April": "550",
            "Mei": "555"
        },
        {
            "No": "70",
            "Nama": "ISSEY MIYAKE HOMME SPORT ",
            "Juni": "1060",
            "Juli": "178",
            "Agustus": "292",
            "September": "956",
            "Oktober": "352",
            "November": "989",
            "Desember": "1021",
            "Januari": "543",
            "Februari": "450",
            "Maret": "135",
            "April": "972",
            "Mei": "579"
        },
        {
            "No": "71",
            "Nama": "SPALDING",
            "Juni": "1118",
            "Juli": "1372",
            "Agustus": "1195",
            "September": "920",
            "Oktober": "259",
            "November": "926",
            "Desember": "1353",
            "Januari": "1103",
            "Februari": "1195",
            "Maret": "1222",
            "April": "1184",
            "Mei": "762"
        },
        {
            "No": "72",
            "Nama": "BURBERRY SPORT ICE",
            "Juni": "665",
            "Juli": "449",
            "Agustus": "310",
            "September": "598",
            "Oktober": "1230",
            "November": "1329",
            "Desember": "925",
            "Januari": "844",
            "Februari": "1214",
            "Maret": "1057",
            "April": "790",
            "Mei": "430"
        },
        {
            "No": "73",
            "Nama": "DKNY BE DELICIOUS NIGHT",
            "Juni": "141",
            "Juli": "1342",
            "Agustus": "224",
            "September": "1264",
            "Oktober": "1355",
            "November": "387",
            "Desember": "1141",
            "Januari": "177",
            "Februari": "1044",
            "Maret": "172",
            "April": "418",
            "Mei": "622"
        },
        {
            "No": "74",
            "Nama": "CHANEL CHANCE TENDER",
            "Juni": "1022",
            "Juli": "1358",
            "Agustus": "1216",
            "September": "329",
            "Oktober": "1329",
            "November": "277",
            "Desember": "1027",
            "Januari": "778",
            "Februari": "811",
            "Maret": "1148",
            "April": "191",
            "Mei": "1279"
        },
        {
            "No": "75",
            "Nama": "MISIK HITAM",
            "Juni": "510",
            "Juli": "92",
            "Agustus": "1224",
            "September": "707",
            "Oktober": "606",
            "November": "560",
            "Desember": "214",
            "Januari": "867",
            "Februari": "676",
            "Maret": "1211",
            "April": "499",
            "Mei": "864"
        },
        {
            "No": "76",
            "Nama": "ASEEL",
            "Juni": "1129",
            "Juli": "1026",
            "Agustus": "265",
            "September": "778",
            "Oktober": "231",
            "November": "1207",
            "Desember": "1003",
            "Januari": "1027",
            "Februari": "746",
            "Maret": "417",
            "April": "1288",
            "Mei": "390"
        },
        {
            "No": "77",
            "Nama": "GIORGIO ARMANI CODE ICE ",
            "Juni": "1283",
            "Juli": "218",
            "Agustus": "953",
            "September": "1297",
            "Oktober": "1232",
            "November": "1437",
            "Desember": "346",
            "Januari": "368",
            "Februari": "185",
            "Maret": "127",
            "April": "157",
            "Mei": "1325"
        },
        {
            "No": "78",
            "Nama": "CK ONE SUMMER 2014 ",
            "Juni": "494",
            "Juli": "225",
            "Agustus": "504",
            "September": "932",
            "Oktober": "251",
            "November": "462",
            "Desember": "658",
            "Januari": "115",
            "Februari": "426",
            "Maret": "448",
            "April": "850",
            "Mei": "261"
        },
        {
            "No": "79",
            "Nama": "KENZO LEOPARD MAN",
            "Juni": "1233",
            "Juli": "1374",
            "Agustus": "1393",
            "September": "1476",
            "Oktober": "701",
            "November": "934",
            "Desember": "1326",
            "Januari": "277",
            "Februari": "667",
            "Maret": "881",
            "April": "403",
            "Mei": "117"
        },
        {
            "No": "80",
            "Nama": "KENZO INDIGO",
            "Juni": "171",
            "Juli": "170",
            "Agustus": "359",
            "September": "445",
            "Oktober": "841",
            "November": "858",
            "Desember": "855",
            "Januari": "828",
            "Februari": "258",
            "Maret": "989",
            "April": "1116",
            "Mei": "202"
        },
        {
            "No": "81",
            "Nama": "JESSICA PARKER",
            "Juni": "1093",
            "Juli": "753",
            "Agustus": "426",
            "September": "1226",
            "Oktober": "1252",
            "November": "157",
            "Desember": "920",
            "Januari": "1307",
            "Februari": "527",
            "Maret": "548",
            "April": "856",
            "Mei": "711"
        },
        {
            "No": "82",
            "Nama": "VERA WANG PRINCESS",
            "Juni": "496",
            "Juli": "356",
            "Agustus": "1219",
            "September": "635",
            "Oktober": "950",
            "November": "1368",
            "Desember": "330",
            "Januari": "186",
            "Februari": "275",
            "Maret": "1234",
            "April": "569",
            "Mei": "790"
        },
        {
            "No": "83",
            "Nama": "VALENTINO ROSSI",
            "Juni": "891",
            "Juli": "1097",
            "Agustus": "497",
            "September": "1341",
            "Oktober": "1115",
            "November": "1363",
            "Desember": "1392",
            "Januari": "1071",
            "Februari": "800",
            "Maret": "1192",
            "April": "1424",
            "Mei": "678"
        },
        {
            "No": "84",
            "Nama": "BCL BUNGA CITRA LESTARI",
            "Juni": "611",
            "Juli": "223",
            "Agustus": "522",
            "September": "714",
            "Oktober": "1133",
            "November": "203",
            "Desember": "1087",
            "Januari": "1036",
            "Februari": "473",
            "Maret": "1244",
            "April": "556",
            "Mei": "587"
        },
        {
            "No": "85",
            "Nama": "BARCELONA",
            "Juni": "1336",
            "Juli": "1065",
            "Agustus": "1286",
            "September": "331",
            "Oktober": "560",
            "November": "1068",
            "Desember": "503",
            "Januari": "91",
            "Februari": "1332",
            "Maret": "700",
            "April": "1015",
            "Mei": "439"
        },
        {
            "No": "86",
            "Nama": "ETERNITY NOW FOR BY CK ",
            "Juni": "669",
            "Juli": "742",
            "Agustus": "268",
            "September": "1066",
            "Oktober": "1335",
            "November": "188",
            "Desember": "1094",
            "Januari": "343",
            "Februari": "57",
            "Maret": "910",
            "April": "663",
            "Mei": "1002"
        },
        {
            "No": "87",
            "Nama": "CHANEL COCO NOIR",
            "Juni": "656",
            "Juli": "1020",
            "Agustus": "966",
            "September": "826",
            "Oktober": "1329",
            "November": "196",
            "Desember": "794",
            "Januari": "1272",
            "Februari": "177",
            "Maret": "1242",
            "April": "223",
            "Mei": "1282"
        },
        {
            "No": "88",
            "Nama": "BURBERRY BRIT GOLD",
            "Juni": "982",
            "Juli": "409",
            "Agustus": "990",
            "September": "810",
            "Oktober": "873",
            "November": "1154",
            "Desember": "1096",
            "Januari": "1158",
            "Februari": "602",
            "Maret": "438",
            "April": "998",
            "Mei": "1328"
        },
        {
            "No": "89",
            "Nama": "CARTIER ROOSTER",
            "Juni": "252",
            "Juli": "561",
            "Agustus": "119",
            "September": "1236",
            "Oktober": "889",
            "November": "332",
            "Desember": "515",
            "Januari": "1334",
            "Februari": "138",
            "Maret": "954",
            "April": "1256",
            "Mei": "261"
        },
        {
            "No": "90",
            "Nama": "MUKHALLAT REIS",
            "Juni": "1088",
            "Juli": "1409",
            "Agustus": "546",
            "September": "361",
            "Oktober": "932",
            "November": "795",
            "Desember": "1259",
            "Januari": "1179",
            "Februari": "851",
            "Maret": "1278",
            "April": "1023",
            "Mei": "503"
        },
        {
            "No": "91",
            "Nama": "LIONEL MESSI",
            "Juni": "430",
            "Juli": "484",
            "Agustus": "633",
            "September": "1157",
            "Oktober": "651",
            "November": "1343",
            "Desember": "1223",
            "Januari": "1220",
            "Februari": "1108",
            "Maret": "1011",
            "April": "1141",
            "Mei": "1001"
        },
        {
            "No": "92",
            "Nama": "MAHER ZAIN",
            "Juni": "391",
            "Juli": "228",
            "Agustus": "162",
            "September": "363",
            "Oktober": "225",
            "November": "1355",
            "Desember": "540",
            "Januari": "1116",
            "Februari": "1088",
            "Maret": "347",
            "April": "57",
            "Mei": "1279"
        },
        {
            "No": "93",
            "Nama": "MONT BLANC LEGEND ",
            "Juni": "137",
            "Juli": "738",
            "Agustus": "321",
            "September": "721",
            "Oktober": "333",
            "November": "1383",
            "Desember": "296",
            "Januari": "1002",
            "Februari": "496",
            "Maret": "1377",
            "April": "871",
            "Mei": "1307"
        },
        {
            "No": "94",
            "Nama": "BULGARI BLV MAN",
            "Juni": "486",
            "Juli": "760",
            "Agustus": "404",
            "September": "369",
            "Oktober": "118",
            "November": "160",
            "Desember": "750",
            "Januari": "147",
            "Februari": "1266",
            "Maret": "302",
            "April": "548",
            "Mei": "505"
        },
        {
            "No": "95",
            "Nama": "ETERNITY LOVE",
            "Juni": "1452",
            "Juli": "1221",
            "Agustus": "739",
            "September": "294",
            "Oktober": "322",
            "November": "311",
            "Desember": "1057",
            "Januari": "965",
            "Februari": "529",
            "Maret": "1007",
            "April": "375",
            "Mei": "137"
        },
        {
            "No": "96",
            "Nama": "BULGARI AQUA MARINE",
            "Juni": "609",
            "Juli": "1091",
            "Agustus": "312",
            "September": "211",
            "Oktober": "1020",
            "November": "1070",
            "Desember": "804",
            "Januari": "791",
            "Februari": "381",
            "Maret": "1046",
            "April": "919",
            "Mei": "1334"
        },
        {
            "No": "97",
            "Nama": "AMOR AMOR CACHAREL SCARLETT",
            "Juni": "495",
            "Juli": "976",
            "Agustus": "912",
            "September": "1396",
            "Oktober": "1346",
            "November": "963",
            "Desember": "1194",
            "Januari": "1235",
            "Februari": "1285",
            "Maret": "1289",
            "April": "556",
            "Mei": "834"
        },
        {
            "No": "98",
            "Nama": "CK IN TO YOU HIM",
            "Juni": "1255",
            "Juli": "778",
            "Agustus": "1014",
            "September": "299",
            "Oktober": "1186",
            "November": "1383",
            "Desember": "1052",
            "Januari": "740",
            "Februari": "749",
            "Maret": "1362",
            "April": "487",
            "Mei": "1048"
        },
        {
            "No": "99",
            "Nama": "GUESS SEDUCTIVE WILD SUMMER",
            "Juni": "1217",
            "Juli": "1229",
            "Agustus": "1113",
            "September": "1160",
            "Oktober": "1088",
            "November": "482",
            "Desember": "633",
            "Januari": "468",
            "Februari": "1118",
            "Maret": "665",
            "April": "553",
            "Mei": "235"
        },
        {
            "No": "100",
            "Nama": "SEAN JOHN I AM KING ",
            "Juni": "1063",
            "Juli": "466",
            "Agustus": "114",
            "September": "218",
            "Oktober": "107",
            "November": "659",
            "Desember": "1164",
            "Januari": "337",
            "Februari": "376",
            "Maret": "663",
            "April": "858",
            "Mei": "954"
        }
    ]}