{
    "Aktual": [
        {
            "No.": "1",
            "Nama": "VICTORIA SECRET LOVE",
            "Juni": "655",
            "Juli": "220",
            "Agustus": "1295",
            "September": "445",
            "Oktober": "1390",
            "November": "1095",
            "Desember": "375",
            "Januari": "240",
            "Februari": "940",
            "Maret": "1295",
            "April": "1070",
            "Mei": "1485"
        },
        {
            "No.": "2",
            "Nama": "JAGUAR CLASIC",
            "Juni": "570",
            "Juli": "845",
            "Agustus": "1295",
            "September": "625",
            "Oktober": "1455",
            "November": "505",
            "Desember": "1335",
            "Januari": "370",
            "Februari": "50",
            "Maret": "930",
            "April": "1405",
            "Mei": "900"
        },
        {
            "No.": "3",
            "Nama": "PLAYBOY SEXY",
            "Juni": "380",
            "Juli": "485",
            "Agustus": "150",
            "September": "555",
            "Oktober": "1145",
            "November": "180",
            "Desember": "710",
            "Januari": "675",
            "Februari": "760",
            "Maret": "630",
            "April": "40",
            "Mei": "360"
        },
        {
            "No.": "4",
            "Nama": "VICTORIA SECRET PINK SURF",
            "Juni": "175",
            "Juli": "1010",
            "Agustus": "590",
            "September": "1325",
            "Oktober": "500",
            "November": "595",
            "Desember": "780",
            "Januari": "785",
            "Februari": "1265",
            "Maret": "1320",
            "April": "475",
            "Mei": "150"
        },
        {
            "No.": "5",
            "Nama": "BENETTON COOL",
            "Juni": "1035",
            "Juli": "365",
            "Agustus": "1125",
            "September": "1350",
            "Oktober": "740",
            "November": "1440",
            "Desember": "415",
            "Januari": "350",
            "Februari": "970",
            "Maret": "1375",
            "April": "450",
            "Mei": "600"
        },
        {
            "No.": "6",
            "Nama": "AZZARO TWIN MAN",
            "Juni": "795",
            "Juli": "990",
            "Agustus": "395",
            "September": "1100",
            "Oktober": "260",
            "November": "5",
            "Desember": "20",
            "Januari": "1315",
            "Februari": "1485",
            "Maret": "1035",
            "April": "1420",
            "Mei": "110"
        },
        {
            "No.": "7",
            "Nama": "COKLAT CAPPUCINO",
            "Juni": "380",
            "Juli": "295",
            "Agustus": "505",
            "September": "245",
            "Oktober": "1060",
            "November": "1405",
            "Desember": "695",
            "Januari": "135",
            "Februari": "150",
            "Maret": "45",
            "April": "535",
            "Mei": "660"
        },
        {
            "No.": "8",
            "Nama": "TAYLOR SWIFT",
            "Juni": "385",
            "Juli": "415",
            "Agustus": "1190",
            "September": "535",
            "Oktober": "20",
            "November": "630",
            "Desember": "65",
            "Januari": "885",
            "Februari": "610",
            "Maret": "640",
            "April": "1205",
            "Mei": "75"
        },
        {
            "No.": "9",
            "Nama": "AIGNER BLUE ( KEVA )",
            "Juni": "395",
            "Juli": "790",
            "Agustus": "160",
            "September": "1320",
            "Oktober": "705",
            "November": "910",
            "Desember": "65",
            "Januari": "575",
            "Februari": "1070",
            "Maret": "920",
            "April": "145",
            "Mei": "1030"
        },
        {
            "No.": "10",
            "Nama": "ISSEY MIYAKE HOMME SPORT ",
            "Juni": "410",
            "Juli": "220",
            "Agustus": "70",
            "September": "230",
            "Oktober": "740",
            "November": "1060",
            "Desember": "1215",
            "Januari": "120",
            "Februari": "1285",
            "Maret": "605",
            "April": "1220",
            "Mei": "1410"
        },
        {
            "No.": "11",
            "Nama": "BEYOND PARADISE",
            "Juni": "450",
            "Juli": "70",
            "Agustus": "80",
            "September": "645",
            "Oktober": "395",
            "November": "1485",
            "Desember": "1040",
            "Januari": "510",
            "Februari": "950",
            "Maret": "1280",
            "April": "895",
            "Mei": "1140"
        },
        {
            "No.": "12",
            "Nama": "DAVIDOFF GAME LADY",
            "Juni": "1145",
            "Juli": "980",
            "Agustus": "1270",
            "September": "1365",
            "Oktober": "1415",
            "November": "1440",
            "Desember": "850",
            "Januari": "1245",
            "Februari": "1425",
            "Maret": "210",
            "April": "265",
            "Mei": "835"
        },
        {
            "No.": "13",
            "Nama": "DKNY GOLDEN DELICIOUS",
            "Juni": "665",
            "Juli": "970",
            "Agustus": "910",
            "September": "1090",
            "Oktober": "920",
            "November": "1240",
            "Desember": "150",
            "Januari": "645",
            "Februari": "1090",
            "Maret": "1040",
            "April": "1195",
            "Mei": "1265"
        },
        {
            "No.": "14",
            "Nama": "JESSICA SIMPSON BLOOM",
            "Juni": "950",
            "Juli": "535",
            "Agustus": "820",
            "September": "1460",
            "Oktober": "105",
            "November": "505",
            "Desember": "1070",
            "Januari": "1425",
            "Februari": "230",
            "Maret": "795",
            "April": "1020",
            "Mei": "680"
        },
        {
            "No.": "15",
            "Nama": "COACH POPPY",
            "Juni": "1325",
            "Juli": "630",
            "Agustus": "145",
            "September": "1430",
            "Oktober": "1390",
            "November": "655",
            "Desember": "1330",
            "Januari": "965",
            "Februari": "1265",
            "Maret": "1100",
            "April": "1195",
            "Mei": "920"
        },
        {
            "No.": "16",
            "Nama": "STILL DONNA",
            "Juni": "340",
            "Juli": "1040",
            "Agustus": "615",
            "September": "60",
            "Oktober": "975",
            "November": "950",
            "Desember": "1385",
            "Januari": "300",
            "Februari": "1035",
            "Maret": "1260",
            "April": "1465",
            "Mei": "1105"
        },
        {
            "No.": "17",
            "Nama": "ANGEL MAN",
            "Juni": "685",
            "Juli": "1085",
            "Agustus": "420",
            "September": "685",
            "Oktober": "580",
            "November": "1260",
            "Desember": "1290",
            "Januari": "425",
            "Februari": "245",
            "Maret": "1405",
            "April": "140",
            "Mei": "855"
        },
        {
            "No.": "18",
            "Nama": "BURBERRY MAN",
            "Juni": "1000",
            "Juli": "1400",
            "Agustus": "725",
            "September": "1225",
            "Oktober": "315",
            "November": "155",
            "Desember": "1385",
            "Januari": "495",
            "Februari": "905",
            "Maret": "1075",
            "April": "375",
            "Mei": "890"
        },
        {
            "No.": "19",
            "Nama": "JLO PLATINUM",
            "Juni": "1275",
            "Juli": "785",
            "Agustus": "270",
            "September": "1445",
            "Oktober": "560",
            "November": "220",
            "Desember": "1350",
            "Januari": "125",
            "Februari": "185",
            "Maret": "980",
            "April": "460",
            "Mei": "300"
        },
        {
            "No.": "20",
            "Nama": "TOMMY T WOMEN",
            "Juni": "790",
            "Juli": "655",
            "Agustus": "770",
            "September": "265",
            "Oktober": "335",
            "November": "495",
            "Desember": "565",
            "Januari": "1060",
            "Februari": "570",
            "Maret": "1080",
            "April": "405",
            "Mei": "490"
        },
        {
            "No.": "21",
            "Nama": "VICTORIA SECRET NIGHT ",
            "Juni": "1490",
            "Juli": "840",
            "Agustus": "575",
            "September": "725",
            "Oktober": "1160",
            "November": "925",
            "Desember": "990",
            "Januari": "90",
            "Februari": "1230",
            "Maret": "910",
            "April": "200",
            "Mei": "1170"
        },
        {
            "No.": "22",
            "Nama": "TOMMY JEANS",
            "Juni": "1445",
            "Juli": "735",
            "Agustus": "450",
            "September": "965",
            "Oktober": "185",
            "November": "555",
            "Desember": "420",
            "Januari": "190",
            "Februari": "690",
            "Maret": "775",
            "April": "1040",
            "Mei": "400"
        },
        {
            "No.": "23",
            "Nama": "BE ENCHANTED",
            "Juni": "620",
            "Juli": "385",
            "Agustus": "780",
            "September": "215",
            "Oktober": "1340",
            "November": "90",
            "Desember": "1360",
            "Januari": "30",
            "Februari": "365",
            "Maret": "515",
            "April": "590",
            "Mei": "1185"
        },
        {
            "No.": "24",
            "Nama": "KATY PERRY KILLER QUEEN",
            "Juni": "500",
            "Juli": "1225",
            "Agustus": "720",
            "September": "710",
            "Oktober": "90",
            "November": "835",
            "Desember": "15",
            "Januari": "910",
            "Februari": "260",
            "Maret": "615",
            "April": "745",
            "Mei": "1420"
        },
        {
            "No.": "25",
            "Nama": "MONT BLANC INDIVIDUEL",
            "Juni": "1150",
            "Juli": "1180",
            "Agustus": "455",
            "September": "630",
            "Oktober": "420",
            "November": "570",
            "Desember": "1345",
            "Januari": "250",
            "Februari": "1300",
            "Maret": "1485",
            "April": "650",
            "Mei": "410"
        },
        {
            "No.": "26",
            "Nama": "BULGARI JASMIN NOIR",
            "Juni": "30",
            "Juli": "810",
            "Agustus": "245",
            "September": "575",
            "Oktober": "1105",
            "November": "750",
            "Desember": "885",
            "Januari": "1080",
            "Februari": "980",
            "Maret": "1310",
            "April": "790",
            "Mei": "1345"
        },
        {
            "No.": "27",
            "Nama": "HUGO BOSS THE SCENT ",
            "Juni": "770",
            "Juli": "1160",
            "Agustus": "990",
            "September": "1045",
            "Oktober": "1290",
            "November": "1265",
            "Desember": "45",
            "Januari": "775",
            "Februari": "1210",
            "Maret": "1165",
            "April": "380",
            "Mei": "340"
        },
        {
            "No.": "28",
            "Nama": "HUGO BOSS FEMME",
            "Juni": "1430",
            "Juli": "1070",
            "Agustus": "955",
            "September": "775",
            "Oktober": "840",
            "November": "1395",
            "Desember": "535",
            "Januari": "320",
            "Februari": "865",
            "Maret": "1035",
            "April": "875",
            "Mei": "175"
        },
        {
            "No.": "29",
            "Nama": "MOSCHINO FRESH",
            "Juni": "645",
            "Juli": "230",
            "Agustus": "495",
            "September": "835",
            "Oktober": "580",
            "November": "355",
            "Desember": "1090",
            "Januari": "180",
            "Februari": "1340",
            "Maret": "355",
            "April": "615",
            "Mei": "1435"
        },
        {
            "No.": "30",
            "Nama": "DAVIDOFF CHAMPION",
            "Juni": "1155",
            "Juli": "130",
            "Agustus": "635",
            "September": "555",
            "Oktober": "645",
            "November": "1355",
            "Desember": "495",
            "Januari": "890",
            "Februari": "170",
            "Maret": "1120",
            "April": "1490",
            "Mei": "870"
        },
        {
            "No.": "31",
            "Nama": "1 MILLION",
            "Juni": "1455",
            "Juli": "595",
            "Agustus": "960",
            "September": "1295",
            "Oktober": "815",
            "November": "570",
            "Desember": "1265",
            "Januari": "450",
            "Februari": "590",
            "Maret": "1025",
            "April": "875",
            "Mei": "575"
        },
        {
            "No.": "32",
            "Nama": "D & G VELVET VETIVER",
            "Juni": "1255",
            "Juli": "1335",
            "Agustus": "610",
            "September": "1330",
            "Oktober": "775",
            "November": "370",
            "Desember": "1455",
            "Januari": "145",
            "Februari": "375",
            "Maret": "1270",
            "April": "230",
            "Mei": "660"
        },
        {
            "No.": "33",
            "Nama": "KENZO BALI ",
            "Juni": "10",
            "Juli": "175",
            "Agustus": "140",
            "September": "965",
            "Oktober": "210",
            "November": "625",
            "Desember": "1290",
            "Januari": "505",
            "Februari": "1250",
            "Maret": "640",
            "April": "855",
            "Mei": "1125"
        },
        {
            "No.": "34",
            "Nama": "HERMES D�JOUR",
            "Juni": "125",
            "Juli": "1210",
            "Agustus": "1070",
            "September": "115",
            "Oktober": "1315",
            "November": "1325",
            "Desember": "1205",
            "Januari": "1060",
            "Februari": "1140",
            "Maret": "1435",
            "April": "480",
            "Mei": "1265"
        },
        {
            "No.": "35",
            "Nama": "VIA BOMBSHELL",
            "Juni": "1170",
            "Juli": "630",
            "Agustus": "1210",
            "September": "465",
            "Oktober": "1030",
            "November": "610",
            "Desember": "155",
            "Januari": "1220",
            "Februari": "295",
            "Maret": "1280",
            "April": "1370",
            "Mei": "1390"
        },
        {
            "No.": "36",
            "Nama": "KATY PERRY QUEEN",
            "Juni": "1425",
            "Juli": "750",
            "Agustus": "600",
            "September": "1180",
            "Oktober": "900",
            "November": "860",
            "Desember": "525",
            "Januari": "880",
            "Februari": "395",
            "Maret": "330",
            "April": "1070",
            "Mei": "495"
        },
        {
            "No.": "37",
            "Nama": "PIERRE CARDIN",
            "Juni": "1470",
            "Juli": "1085",
            "Agustus": "255",
            "September": "1430",
            "Oktober": "405",
            "November": "405",
            "Desember": "810",
            "Januari": "455",
            "Februari": "1415",
            "Maret": "460",
            "April": "1315",
            "Mei": "165"
        },
        {
            "No.": "38",
            "Nama": "D & G LA 3 BROTHER ",
            "Juni": "790",
            "Juli": "675",
            "Agustus": "415",
            "September": "705",
            "Oktober": "1345",
            "November": "780",
            "Desember": "925",
            "Januari": "405",
            "Februari": "325",
            "Maret": "1400",
            "April": "420",
            "Mei": "1015"
        },
        {
            "No.": "39",
            "Nama": "AROOSAH",
            "Juni": "1130",
            "Juli": "600",
            "Agustus": "225",
            "September": "660",
            "Oktober": "860",
            "November": "1260",
            "Desember": "795",
            "Januari": "1130",
            "Februari": "1070",
            "Maret": "1220",
            "April": "720",
            "Mei": "730"
        },
        {
            "No.": "40",
            "Nama": "STILL DONNA",
            "Juni": "350",
            "Juli": "525",
            "Agustus": "350",
            "September": "1275",
            "Oktober": "1015",
            "November": "1020",
            "Desember": "815",
            "Januari": "1500",
            "Februari": "845",
            "Maret": "175",
            "April": "1370",
            "Mei": "665"
        },
        {
            "No.": "41",
            "Nama": "CK ELECTRIC",
            "Juni": "1325",
            "Juli": "1360",
            "Agustus": "300",
            "September": "825",
            "Oktober": "1420",
            "November": "805",
            "Desember": "935",
            "Januari": "385",
            "Februari": "1135",
            "Maret": "800",
            "April": "630",
            "Mei": "540"
        },
        {
            "No.": "42",
            "Nama": "DUNHILL MAN",
            "Juni": "115",
            "Juli": "1435",
            "Agustus": "500",
            "September": "710",
            "Oktober": "1125",
            "November": "1185",
            "Desember": "560",
            "Januari": "1095",
            "Februari": "600",
            "Maret": "410",
            "April": "80",
            "Mei": "995"
        },
        {
            "No.": "43",
            "Nama": "CHANEL COCO NOIR",
            "Juni": "1345",
            "Juli": "590",
            "Agustus": "430",
            "September": "25",
            "Oktober": "810",
            "November": "1155",
            "Desember": "255",
            "Januari": "690",
            "Februari": "1285",
            "Maret": "1200",
            "April": "150",
            "Mei": "70"
        },
        {
            "No.": "44",
            "Nama": "MEN BRUT",
            "Juni": "215",
            "Juli": "1130",
            "Agustus": "845",
            "September": "635",
            "Oktober": "655",
            "November": "15",
            "Desember": "680",
            "Januari": "1210",
            "Februari": "1035",
            "Maret": "280",
            "April": "1295",
            "Mei": "40"
        },
        {
            "No.": "45",
            "Nama": "VICTORIA DREAM ANGEL",
            "Juni": "1140",
            "Juli": "60",
            "Agustus": "820",
            "September": "155",
            "Oktober": "110",
            "November": "1435",
            "Desember": "1460",
            "Januari": "1240",
            "Februari": "525",
            "Maret": "490",
            "April": "480",
            "Mei": "790"
        },
        {
            "No.": "46",
            "Nama": "ESCADA PASIFIC PARADISE",
            "Juni": "1290",
            "Juli": "1200",
            "Agustus": "1220",
            "September": "945",
            "Oktober": "1090",
            "November": "135",
            "Desember": "335",
            "Januari": "205",
            "Februari": "770",
            "Maret": "845",
            "April": "440",
            "Mei": "1025"
        },
        {
            "No.": "47",
            "Nama": "CERRUTI 1881",
            "Juni": "765",
            "Juli": "435",
            "Agustus": "965",
            "September": "1215",
            "Oktober": "340",
            "November": "470",
            "Desember": "200",
            "Januari": "625",
            "Februari": "605",
            "Maret": "260",
            "April": "65",
            "Mei": "70"
        },
        {
            "No.": "48",
            "Nama": "ANNA SUI FLIGHT",
            "Juni": "1185",
            "Juli": "950",
            "Agustus": "1210",
            "September": "1350",
            "Oktober": "600",
            "November": "1045",
            "Desember": "1045",
            "Januari": "1345",
            "Februari": "0",
            "Maret": "1270",
            "April": "50",
            "Mei": "850"
        },
        {
            "No.": "49",
            "Nama": "FANDY FENDY",
            "Juni": "60",
            "Juli": "715",
            "Agustus": "400",
            "September": "1205",
            "Oktober": "1000",
            "November": "605",
            "Desember": "1460",
            "Januari": "85",
            "Februari": "585",
            "Maret": "790",
            "April": "645",
            "Mei": "1485"
        },
        {
            "No.": "50",
            "Nama": "FOREVER RED BBW ",
            "Juni": "800",
            "Juli": "895",
            "Agustus": "1455",
            "September": "310",
            "Oktober": "860",
            "November": "850",
            "Desember": "645",
            "Januari": "985",
            "Februari": "70",
            "Maret": "1485",
            "April": "115",
            "Mei": "370"
        },
        {
            "No.": "51",
            "Nama": "COCORICO BY NIGHT",
            "Juni": "110",
            "Juli": "640",
            "Agustus": "330",
            "September": "1450",
            "Oktober": "340",
            "November": "1370",
            "Desember": "45",
            "Januari": "360",
            "Februari": "1395",
            "Maret": "1500",
            "April": "925",
            "Mei": "585"
        },
        {
            "No.": "52",
            "Nama": "ESCADA MAGNETISM LADY",
            "Juni": "35",
            "Juli": "805",
            "Agustus": "675",
            "September": "1040",
            "Oktober": "515",
            "November": "930",
            "Desember": "825",
            "Januari": "180",
            "Februari": "580",
            "Maret": "510",
            "April": "1040",
            "Mei": "1440"
        },
        {
            "No.": "53",
            "Nama": "BANANA REPUBLIC",
            "Juni": "150",
            "Juli": "1095",
            "Agustus": "330",
            "September": "1250",
            "Oktober": "1020",
            "November": "555",
            "Desember": "410",
            "Januari": "615",
            "Februari": "510",
            "Maret": "1275",
            "April": "275",
            "Mei": "895"
        },
        {
            "No.": "54",
            "Nama": "BURBERRY BRIT LADY",
            "Juni": "145",
            "Juli": "860",
            "Agustus": "70",
            "September": "415",
            "Oktober": "565",
            "November": "225",
            "Desember": "345",
            "Januari": "230",
            "Februari": "1225",
            "Maret": "710",
            "April": "85",
            "Mei": "915"
        },
        {
            "No.": "55",
            "Nama": "BULGARI AU THE ROUGH",
            "Juni": "85",
            "Juli": "1390",
            "Agustus": "450",
            "September": "1305",
            "Oktober": "260",
            "November": "775",
            "Desember": "305",
            "Januari": "780",
            "Februari": "385",
            "Maret": "305",
            "April": "1440",
            "Mei": "1225"
        },
        {
            "No.": "56",
            "Nama": "CK IN TO YOU HIM",
            "Juni": "915",
            "Juli": "155",
            "Agustus": "1465",
            "September": "50",
            "Oktober": "290",
            "November": "60",
            "Desember": "1195",
            "Januari": "815",
            "Februari": "620",
            "Maret": "880",
            "April": "975",
            "Mei": "895"
        },
        {
            "No.": "57",
            "Nama": "CHERRY BELLE ",
            "Juni": "915",
            "Juli": "580",
            "Agustus": "835",
            "September": "140",
            "Oktober": "465",
            "November": "1150",
            "Desember": "725",
            "Januari": "1425",
            "Februari": "1455",
            "Maret": "45",
            "April": "1350",
            "Mei": "150"
        },
        {
            "No.": "58",
            "Nama": "RED ROSE",
            "Juni": "635",
            "Juli": "315",
            "Agustus": "960",
            "September": "865",
            "Oktober": "855",
            "November": "10",
            "Desember": "1295",
            "Januari": "180",
            "Februari": "1220",
            "Maret": "345",
            "April": "465",
            "Mei": "330"
        },
        {
            "No.": "59",
            "Nama": "HYPNOSE SENSE",
            "Juni": "530",
            "Juli": "365",
            "Agustus": "545",
            "September": "530",
            "Oktober": "110",
            "November": "710",
            "Desember": "1270",
            "Januari": "260",
            "Februari": "870",
            "Maret": "1470",
            "April": "560",
            "Mei": "1235"
        },
        {
            "No.": "60",
            "Nama": "CK ONE RED EDITION HIM ",
            "Juni": "180",
            "Juli": "485",
            "Agustus": "1370",
            "September": "1385",
            "Oktober": "1225",
            "November": "385",
            "Desember": "20",
            "Januari": "860",
            "Februari": "815",
            "Maret": "320",
            "April": "335",
            "Mei": "810"
        },
        {
            "No.": "61",
            "Nama": "HUGO BOSS IN MOTION WHITE",
            "Juni": "70",
            "Juli": "300",
            "Agustus": "570",
            "September": "440",
            "Oktober": "505",
            "November": "600",
            "Desember": "550",
            "Januari": "385",
            "Februari": "210",
            "Maret": "65",
            "April": "1055",
            "Mei": "35"
        },
        {
            "No.": "62",
            "Nama": "JUSTIN BIEBER KEY",
            "Juni": "765",
            "Juli": "685",
            "Agustus": "1005",
            "September": "1145",
            "Oktober": "1010",
            "November": "890",
            "Desember": "550",
            "Januari": "800",
            "Februari": "790",
            "Maret": "1415",
            "April": "360",
            "Mei": "325"
        },
        {
            "No.": "63",
            "Nama": "BODY SHOP MAN",
            "Juni": "320",
            "Juli": "1375",
            "Agustus": "855",
            "September": "1270",
            "Oktober": "655",
            "November": "585",
            "Desember": "1020",
            "Januari": "205",
            "Februari": "1040",
            "Maret": "1090",
            "April": "35",
            "Mei": "1500"
        },
        {
            "No.": "64",
            "Nama": "HUGO BOSS ENERGISE",
            "Juni": "1390",
            "Juli": "1310",
            "Agustus": "520",
            "September": "830",
            "Oktober": "960",
            "November": "580",
            "Desember": "945",
            "Januari": "420",
            "Februari": "170",
            "Maret": "1405",
            "April": "1470",
            "Mei": "1425"
        },
        {
            "No.": "65",
            "Nama": "CK ONE SUMMER",
            "Juni": "425",
            "Juli": "310",
            "Agustus": "205",
            "September": "1070",
            "Oktober": "815",
            "November": "410",
            "Desember": "190",
            "Januari": "40",
            "Februari": "5",
            "Maret": "155",
            "April": "865",
            "Mei": "625"
        },
        {
            "No.": "66",
            "Nama": "INCANTO FERRAGAMO",
            "Juni": "445",
            "Juli": "225",
            "Agustus": "1415",
            "September": "1415",
            "Oktober": "1025",
            "November": "1415",
            "Desember": "1005",
            "Januari": "1410",
            "Februari": "665",
            "Maret": "175",
            "April": "1065",
            "Mei": "430"
        },
        {
            "No.": "67",
            "Nama": "LOVE BY CHLOE",
            "Juni": "415",
            "Juli": "650",
            "Agustus": "465",
            "September": "435",
            "Oktober": "40",
            "November": "1035",
            "Desember": "1305",
            "Januari": "650",
            "Februari": "825",
            "Maret": "1295",
            "April": "1070",
            "Mei": "255"
        },
        {
            "No.": "68",
            "Nama": "HERMES LADY",
            "Juni": "405",
            "Juli": "1330",
            "Agustus": "1025",
            "September": "280",
            "Oktober": "1200",
            "November": "340",
            "Desember": "1310",
            "Januari": "1305",
            "Februari": "1015",
            "Maret": "475",
            "April": "1195",
            "Mei": "1215"
        },
        {
            "No.": "69",
            "Nama": "LANVIN MARRY ME",
            "Juni": "510",
            "Juli": "430",
            "Agustus": "595",
            "September": "900",
            "Oktober": "245",
            "November": "1215",
            "Desember": "315",
            "Januari": "880",
            "Februari": "475",
            "Maret": "1340",
            "April": "785",
            "Mei": "1425"
        },
        {
            "No.": "70",
            "Nama": "ISSEY MIYAKE HOMME SPORT ",
            "Juni": "885",
            "Juli": "195",
            "Agustus": "205",
            "September": "40",
            "Oktober": "675",
            "November": "650",
            "Desember": "1190",
            "Januari": "1120",
            "Februari": "700",
            "Maret": "1275",
            "April": "1410",
            "Mei": "645"
        },
        {
            "No.": "71",
            "Nama": "SPALDING",
            "Juni": "1360",
            "Juli": "95",
            "Agustus": "385",
            "September": "135",
            "Oktober": "655",
            "November": "840",
            "Desember": "460",
            "Januari": "815",
            "Februari": "1285",
            "Maret": "1280",
            "April": "250",
            "Mei": "1180"
        },
        {
            "No.": "72",
            "Nama": "BURBERRY SPORT ICE",
            "Juni": "885",
            "Juli": "115",
            "Agustus": "545",
            "September": "1135",
            "Oktober": "935",
            "November": "1065",
            "Desember": "860",
            "Januari": "1020",
            "Februari": "740",
            "Maret": "505",
            "April": "885",
            "Mei": "575"
        },
        {
            "No.": "73",
            "Nama": "DKNY BE DELICIOUS NIGHT",
            "Juni": "135",
            "Juli": "1235",
            "Agustus": "735",
            "September": "140",
            "Oktober": "1220",
            "November": "790",
            "Desember": "1190",
            "Januari": "835",
            "Februari": "1375",
            "Maret": "1425",
            "April": "70",
            "Mei": "135"
        },
        {
            "No.": "74",
            "Nama": "CHANEL CHANCE TENDER",
            "Juni": "520",
            "Juli": "905",
            "Agustus": "575",
            "September": "500",
            "Oktober": "1145",
            "November": "825",
            "Desember": "1285",
            "Januari": "545",
            "Februari": "730",
            "Maret": "180",
            "April": "1460",
            "Mei": "295"
        },
        {
            "No.": "75",
            "Nama": "MISIK HITAM",
            "Juni": "1445",
            "Juli": "1340",
            "Agustus": "1010",
            "September": "195",
            "Oktober": "670",
            "November": "1470",
            "Desember": "1305",
            "Januari": "550",
            "Februari": "135",
            "Maret": "45",
            "April": "335",
            "Mei": "1090"
        },
        {
            "No.": "76",
            "Nama": "ASEEL",
            "Juni": "275",
            "Juli": "495",
            "Agustus": "235",
            "September": "395",
            "Oktober": "735",
            "November": "25",
            "Desember": "520",
            "Januari": "1060",
            "Februari": "1305",
            "Maret": "170",
            "April": "975",
            "Mei": "85"
        },
        {
            "No.": "77",
            "Nama": "GIORGIO ARMANI CODE ICE ",
            "Juni": "715",
            "Juli": "1240",
            "Agustus": "625",
            "September": "250",
            "Oktober": "505",
            "November": "870",
            "Desember": "255",
            "Januari": "1470",
            "Februari": "785",
            "Maret": "1310",
            "April": "620",
            "Mei": "255"
        },
        {
            "No.": "78",
            "Nama": "CK ONE SUMMER 2014 ",
            "Juni": "420",
            "Juli": "1355",
            "Agustus": "425",
            "September": "800",
            "Oktober": "930",
            "November": "80",
            "Desember": "50",
            "Januari": "690",
            "Februari": "930",
            "Maret": "1405",
            "April": "360",
            "Mei": "830"
        },
        {
            "No.": "79",
            "Nama": "KENZO LEOPARD MAN",
            "Juni": "1370",
            "Juli": "965",
            "Agustus": "960",
            "September": "680",
            "Oktober": "1385",
            "November": "1440",
            "Desember": "65",
            "Januari": "1315",
            "Februari": "760",
            "Maret": "1205",
            "April": "300",
            "Mei": "1235"
        },
        {
            "No.": "80",
            "Nama": "KENZO INDIGO",
            "Juni": "1005",
            "Juli": "115",
            "Agustus": "595",
            "September": "1100",
            "Oktober": "1175",
            "November": "495",
            "Desember": "1165",
            "Januari": "495",
            "Februari": "690",
            "Maret": "115",
            "April": "915",
            "Mei": "1410"
        },
        {
            "No.": "81",
            "Nama": "JESSICA PARKER",
            "Juni": "465",
            "Juli": "35",
            "Agustus": "275",
            "September": "1165",
            "Oktober": "1350",
            "November": "1140",
            "Desember": "805",
            "Januari": "170",
            "Februari": "235",
            "Maret": "800",
            "April": "1290",
            "Mei": "1060"
        },
        {
            "No.": "82",
            "Nama": "VERA WANG PRINCESS",
            "Juni": "700",
            "Juli": "590",
            "Agustus": "340",
            "September": "1440",
            "Oktober": "920",
            "November": "775",
            "Desember": "690",
            "Januari": "5",
            "Februari": "155",
            "Maret": "60",
            "April": "1165",
            "Mei": "655"
        },
        {
            "No.": "83",
            "Nama": "VALENTINO ROSSI",
            "Juni": "1190",
            "Juli": "185",
            "Agustus": "525",
            "September": "780",
            "Oktober": "160",
            "November": "1420",
            "Desember": "575",
            "Januari": "1095",
            "Februari": "355",
            "Maret": "465",
            "April": "1350",
            "Mei": "725"
        },
        {
            "No.": "84",
            "Nama": "BCL BUNGA CITRA LESTARI",
            "Juni": "1125",
            "Juli": "810",
            "Agustus": "875",
            "September": "1330",
            "Oktober": "1325",
            "November": "730",
            "Desember": "1365",
            "Januari": "220",
            "Februari": "1320",
            "Maret": "1380",
            "April": "245",
            "Mei": "320"
        },
        {
            "No.": "85",
            "Nama": "BARCELONA",
            "Juni": "85",
            "Juli": "1170",
            "Agustus": "0",
            "September": "200",
            "Oktober": "250",
            "November": "965",
            "Desember": "1405",
            "Januari": "1255",
            "Februari": "380",
            "Maret": "330",
            "April": "1050",
            "Mei": "30"
        },
        {
            "No.": "86",
            "Nama": "ETERNITY NOW FOR BY CK ",
            "Juni": "150",
            "Juli": "415",
            "Agustus": "1050",
            "September": "710",
            "Oktober": "345",
            "November": "840",
            "Desember": "1285",
            "Januari": "1155",
            "Februari": "1225",
            "Maret": "1160",
            "April": "705",
            "Mei": "170"
        },
        {
            "No.": "87",
            "Nama": "CHANEL COCO NOIR",
            "Juni": "1205",
            "Juli": "500",
            "Agustus": "820",
            "September": "35",
            "Oktober": "890",
            "November": "485",
            "Desember": "1005",
            "Januari": "1100",
            "Februari": "1185",
            "Maret": "825",
            "April": "1475",
            "Mei": "375"
        },
        {
            "No.": "88",
            "Nama": "BURBERRY BRIT GOLD",
            "Juni": "655",
            "Juli": "1475",
            "Agustus": "1325",
            "September": "1365",
            "Oktober": "60",
            "November": "1200",
            "Desember": "1245",
            "Januari": "1110",
            "Februari": "1425",
            "Maret": "720",
            "April": "990",
            "Mei": "1180"
        },
        {
            "No.": "89",
            "Nama": "CARTIER ROOSTER",
            "Juni": "1480",
            "Juli": "1050",
            "Agustus": "940",
            "September": "415",
            "Oktober": "825",
            "November": "470",
            "Desember": "900",
            "Januari": "610",
            "Februari": "310",
            "Maret": "1245",
            "April": "1430",
            "Mei": "280"
        },
        {
            "No.": "90",
            "Nama": "MUKHALLAT REIS",
            "Juni": "985",
            "Juli": "1050",
            "Agustus": "1110",
            "September": "15",
            "Oktober": "1470",
            "November": "905",
            "Desember": "300",
            "Januari": "115",
            "Februari": "590",
            "Maret": "1160",
            "April": "740",
            "Mei": "120"
        },
        {
            "No.": "91",
            "Nama": "LIONEL MESSI",
            "Juni": "1390",
            "Juli": "1455",
            "Agustus": "1080",
            "September": "80",
            "Oktober": "1285",
            "November": "370",
            "Desember": "1335",
            "Januari": "570",
            "Februari": "245",
            "Maret": "820",
            "April": "900",
            "Mei": "405"
        },
        {
            "No.": "92",
            "Nama": "MAHER ZAIN",
            "Juni": "355",
            "Juli": "1470",
            "Agustus": "115",
            "September": "755",
            "Oktober": "715",
            "November": "1500",
            "Desember": "295",
            "Januari": "1020",
            "Februari": "1220",
            "Maret": "175",
            "April": "965",
            "Mei": "915"
        },
        {
            "No.": "93",
            "Nama": "MONT BLANC LEGEND ",
            "Juni": "1055",
            "Juli": "1380",
            "Agustus": "1000",
            "September": "70",
            "Oktober": "1250",
            "November": "300",
            "Desember": "780",
            "Januari": "945",
            "Februari": "480",
            "Maret": "605",
            "April": "985",
            "Mei": "1045"
        },
        {
            "No.": "94",
            "Nama": "BULGARI BLV MAN",
            "Juni": "340",
            "Juli": "510",
            "Agustus": "55",
            "September": "40",
            "Oktober": "1095",
            "November": "1350",
            "Desember": "310",
            "Januari": "1165",
            "Februari": "1470",
            "Maret": "60",
            "April": "375",
            "Mei": "1345"
        },
        {
            "No.": "95",
            "Nama": "ETERNITY LOVE",
            "Juni": "595",
            "Juli": "725",
            "Agustus": "1225",
            "September": "335",
            "Oktober": "390",
            "November": "1415",
            "Desember": "1045",
            "Januari": "980",
            "Februari": "525",
            "Maret": "470",
            "April": "1440",
            "Mei": "730"
        },
        {
            "No.": "96",
            "Nama": "BULGARI AQUA MARINE",
            "Juni": "990",
            "Juli": "920",
            "Agustus": "785",
            "September": "85",
            "Oktober": "1365",
            "November": "20",
            "Desember": "640",
            "Januari": "1305",
            "Februari": "1080",
            "Maret": "300",
            "April": "690",
            "Mei": "455"
        },
        {
            "No.": "97",
            "Nama": "AMOR AMOR CACHAREL SCARLETT",
            "Juni": "1135",
            "Juli": "510",
            "Agustus": "1195",
            "September": "1400",
            "Oktober": "1315",
            "November": "630",
            "Desember": "380",
            "Januari": "1380",
            "Februari": "260",
            "Maret": "1155",
            "April": "740",
            "Mei": "785"
        },
        {
            "No.": "98",
            "Nama": "CK IN TO YOU HIM",
            "Juni": "130",
            "Juli": "270",
            "Agustus": "985",
            "September": "395",
            "Oktober": "15",
            "November": "1225",
            "Desember": "330",
            "Januari": "870",
            "Februari": "1020",
            "Maret": "80",
            "April": "1070",
            "Mei": "1180"
        },
        {
            "No.": "99",
            "Nama": "GUESS SEDUCTIVE WILD SUMMER",
            "Juni": "105",
            "Juli": "920",
            "Agustus": "445",
            "September": "700",
            "Oktober": "1145",
            "November": "425",
            "Desember": "675",
            "Januari": "105",
            "Februari": "170",
            "Maret": "1085",
            "April": "815",
            "Mei": "1325"
        },
        {
            "No.": "100",
            "Nama": "SEAN JOHN I AM KING ",
            "Juni": "770",
            "Juli": "505",
            "Agustus": "195",
            "September": "670",
            "Oktober": "755",
            "November": "40",
            "Desember": "625",
            "Januari": "510",
            "Februari": "130",
            "Maret": "380",
            "April": "225",
            "Mei": "95"
        }
    ]
, "Prediksi": [
        {
            "No": "1",
            "Nama": "VICTORIA SECRET LOVE",
            "Juni": "1382",
            "Juli": "728",
            "Agustus": "271",
            "September": "1193",
            "Oktober": "520",
            "November": "1303",
            "Desember": "1116",
            "Januari": "449",
            "Februari": "261",
            "Maret": "872",
            "April": "1253",
            "Mei": "1088"
        },
        {
            "No": "2",
            "Nama": "JAGUAR CLASIC",
            "Juni": "330",
            "Juli": "546",
            "Agustus": "815",
            "September": "1247",
            "Oktober": "687",
            "November": "1378",
            "Desember": "592",
            "Januari": "1261",
            "Februari": "459",
            "Maret": "91",
            "April": "846",
            "Mei": "1349"
        },
        {
            "No": "3",
            "Nama": "PLAYBOY SEXY",
            "Juni": "549",
            "Juli": "397",
            "Agustus": "476",
            "September": "183",
            "Oktober": "518",
            "November": "1082",
            "Desember": "270",
            "Januari": "666",
            "Februari": "674",
            "Maret": "751",
            "April": "642",
            "Mei": "100"
        },
        {
            "No": "4",
            "Nama": "VICTORIA SECRET PINK SURF",
            "Juni": "1211",
            "Juli": "279",
            "Agustus": "937",
            "September": "625",
            "Oktober": "1255",
            "November": "576",
            "Desember": "593",
            "Januari": "761",
            "Februari": "783",
            "Maret": "1217",
            "April": "1310",
            "Mei": "559"
        },
        {
            "No": "5",
            "Nama": "BENETTON COOL",
            "Juni": "946",
            "Juli": "1026",
            "Agustus": "431",
            "September": "1056",
            "Oktober": "1321",
            "November": "798",
            "Desember": "1376",
            "Januari": "511",
            "Februari": "366",
            "Maret": "910",
            "April": "1329",
            "Mei": "538"
        },
        {
            "No": "6",
            "Nama": "AZZARO TWIN MAN",
            "Juni": "1362",
            "Juli": "852",
            "Agustus": "976",
            "September": "453",
            "Oktober": "1035",
            "November": "338",
            "Desember": "38",
            "Januari": "22",
            "Februari": "1186",
            "Maret": "1455",
            "April": "1077",
            "Mei": "1386"
        },
        {
            "No": "7",
            "Nama": "COKLAT CAPPUCINO",
            "Juni": "1051",
            "Juli": "447",
            "Agustus": "310",
            "September": "486",
            "Oktober": "269",
            "November": "981",
            "Desember": "1363",
            "Januari": "762",
            "Februari": "198",
            "Maret": "155",
            "April": "56",
            "Mei": "487"
        },
        {
            "No": "8",
            "Nama": "TAYLOR SWIFT",
            "Juni": "1203",
            "Juli": "467",
            "Agustus": "420",
            "September": "1113",
            "Oktober": "593",
            "November": "77",
            "Desember": "575",
            "Januari": "116",
            "Februari": "808",
            "Maret": "630",
            "April": "639",
            "Mei": "1148"
        },
        {
            "No": "9",
            "Nama": "AIGNER BLUE ( KEVA )",
            "Juni": "1014",
            "Juli": "457",
            "Agustus": "757",
            "September": "220",
            "Oktober": "1210",
            "November": "756",
            "Desember": "895",
            "Januari": "148",
            "Februari": "532",
            "Maret": "1016",
            "April": "930",
            "Mei": "224"
        },
        {
            "No": "10",
            "Nama": "ISSEY MIYAKE HOMME SPORT ",
            "Juni": "770",
            "Juli": "446",
            "Agustus": "243",
            "September": "87",
            "Oktober": "216",
            "November": "688",
            "Desember": "1023",
            "Januari": "1196",
            "Februari": "228",
            "Maret": "1179",
            "April": "662",
            "Mei": "1164"
        },
        {
            "No": "11",
            "Nama": "BEYOND PARADISE",
            "Juni": "711",
            "Juli": "476",
            "Agustus": "111",
            "September": "83",
            "Oktober": "589",
            "November": "414",
            "Desember": "1378",
            "Januari": "1074",
            "Februari": "566",
            "Maret": "912",
            "April": "1243",
            "Mei": "930"
        },
        {
            "No": "12",
            "Nama": "DAVIDOFF GAME LADY",
            "Juni": "399",
            "Juli": "1070",
            "Agustus": "989",
            "September": "1242",
            "Oktober": "1353",
            "November": "1409",
            "Desember": "1437",
            "Januari": "909",
            "Februari": "1211",
            "Maret": "1404",
            "April": "329",
            "Mei": "271"
        },
        {
            "No": "13",
            "Nama": "DKNY GOLDEN DELICIOUS",
            "Juni": "273",
            "Juli": "626",
            "Agustus": "936",
            "September": "913",
            "Oktober": "1072",
            "November": "935",
            "Desember": "1210",
            "Januari": "256",
            "Februari": "606",
            "Maret": "1042",
            "April": "1040",
            "Mei": "1180"
        },
        {
            "No": "14",
            "Nama": "JESSICA SIMPSON BLOOM",
            "Juni": "756",
            "Juli": "931",
            "Agustus": "575",
            "September": "796",
            "Oktober": "1394",
            "November": "234",
            "Desember": "478",
            "Januari": "1011",
            "Februari": "1384",
            "Maret": "345",
            "April": "750",
            "Mei": "993"
        },
        {
            "No": "15",
            "Nama": "COACH POPPY",
            "Juni": "334",
            "Juli": "1226",
            "Agustus": "690",
            "September": "200",
            "Oktober": "1307",
            "November": "1382",
            "Desember": "728",
            "Januari": "1270",
            "Februari": "996",
            "Maret": "1238",
            "April": "1114",
            "Mei": "1187"
        },
        {
            "No": "16",
            "Nama": "STILL DONNA",
            "Juni": "1243",
            "Juli": "430",
            "Agustus": "979",
            "September": "651",
            "Oktober": "119",
            "November": "889",
            "Desember": "944",
            "Januari": "1341",
            "Februari": "404",
            "Maret": "972",
            "April": "1231",
            "Mei": "1442"
        },
        {
            "No": "17",
            "Nama": "ANGEL MAN",
            "Juni": "1329",
            "Juli": "749",
            "Agustus": "1051",
            "September": "483",
            "Oktober": "665",
            "November": "589",
            "Desember": "1193",
            "Januari": "1280",
            "Februari": "511",
            "Maret": "272",
            "April": "1292",
            "Mei": "255"
        },
        {
            "No": "18",
            "Nama": "BURBERRY MAN",
            "Juni": "608",
            "Juli": "961",
            "Agustus": "1356",
            "September": "788",
            "Oktober": "1181",
            "November": "402",
            "Desember": "180",
            "Januari": "1265",
            "Februari": "572",
            "Maret": "872",
            "April": "1055",
            "Mei": "443"
        },
        {
            "No": "19",
            "Nama": "JLO PLATINUM",
            "Juni": "107",
            "Juli": "1158",
            "Agustus": "822",
            "September": "325",
            "Oktober": "1333",
            "November": "637",
            "Desember": "262",
            "Januari": "1241",
            "Februari": "237",
            "Maret": "190",
            "April": "901",
            "Mei": "504"
        },
        {
            "No": "20",
            "Nama": "TOMMY T WOMEN",
            "Juni": "317",
            "Juli": "743",
            "Agustus": "664",
            "September": "759",
            "Oktober": "314",
            "November": "333",
            "Desember": "479",
            "Januari": "556",
            "Februari": "1010",
            "Maret": "614",
            "April": "1033",
            "Mei": "468"
        },
        {
            "No": "21",
            "Nama": "VICTORIA SECRET NIGHT ",
            "Juni": "1231",
            "Juli": "1464",
            "Agustus": "902",
            "September": "608",
            "Oktober": "713",
            "November": "1115",
            "Desember": "944",
            "Januari": "985",
            "Februari": "180",
            "Maret": "1125",
            "April": "932",
            "Mei": "273"
        },
        {
            "No": "22",
            "Nama": "TOMMY JEANS",
            "Juni": "372",
            "Juli": "1338",
            "Agustus": "795",
            "September": "485",
            "Oktober": "917",
            "November": "258",
            "Desember": "525",
            "Januari": "431",
            "Februari": "214",
            "Maret": "642",
            "April": "762",
            "Mei": "1012"
        },
        {
            "No": "23",
            "Nama": "BE ENCHANTED",
            "Juni": "940",
            "Juli": "652",
            "Agustus": "412",
            "September": "743",
            "Oktober": "268",
            "November": "1233",
            "Desember": "204",
            "Januari": "1244",
            "Februari": "151",
            "Maret": "344",
            "April": "498",
            "Mei": "581"
        },
        {
            "No": "24",
            "Nama": "KATY PERRY KILLER QUEEN",
            "Juni": "493",
            "Juli": "499",
            "Agustus": "1152",
            "September": "763",
            "Oktober": "715",
            "November": "153",
            "Desember": "767",
            "Januari": "90",
            "Februari": "828",
            "Maret": "317",
            "April": "585",
            "Mei": "729"
        },
        {
            "No": "25",
            "Nama": "MONT BLANC INDIVIDUEL",
            "Juni": "375",
            "Juli": "1073",
            "Agustus": "1169",
            "September": "526",
            "Oktober": "620",
            "November": "440",
            "Desember": "557",
            "Januari": "1266",
            "Februari": "352",
            "Maret": "1205",
            "April": "1457",
            "Mei": "731"
        },
        {
            "No": "26",
            "Nama": "BULGARI JASMIN NOIR",
            "Juni": "1264",
            "Juli": "153",
            "Agustus": "744",
            "September": "295",
            "Oktober": "547",
            "November": "1049",
            "Desember": "780",
            "Januari": "875",
            "Februari": "1060",
            "Maret": "988",
            "April": "1278",
            "Mei": "839"
        },
        {
            "No": "27",
            "Nama": "HUGO BOSS THE SCENT ",
            "Juni": "716",
            "Juli": "765",
            "Agustus": "1121",
            "September": "1003",
            "Oktober": "1041",
            "November": "1265",
            "Desember": "1265",
            "Januari": "167",
            "Februari": "714",
            "Maret": "1160",
            "April": "1165",
            "Mei": "459"
        },
        {
            "No": "28",
            "Nama": "HUGO BOSS FEMME",
            "Juni": "766",
            "Juli": "1364",
            "Agustus": "1099",
            "September": "969",
            "Oktober": "794",
            "November": "835",
            "Desember": "1339",
            "Januari": "615",
            "Februari": "350",
            "Maret": "814",
            "April": "1013",
            "Mei": "889"
        },
        {
            "No": "29",
            "Nama": "MOSCHINO FRESH",
            "Juni": "729",
            "Juli": "653",
            "Agustus": "272",
            "September": "473",
            "Oktober": "799",
            "November": "602",
            "Desember": "380",
            "Januari": "1019",
            "Februari": "264",
            "Maret": "1232",
            "April": "443",
            "Mei": "598"
        },
        {
            "No": "30",
            "Nama": "DAVIDOFF CHAMPION",
            "Juni": "976",
            "Juli": "1137",
            "Agustus": "231",
            "September": "595",
            "Oktober": "559",
            "November": "636",
            "Desember": "1283",
            "Januari": "574",
            "Februari": "858",
            "Maret": "239",
            "April": "1032",
            "Mei": "1444"
        },
        {
            "No": "31",
            "Nama": "1 MILLION",
            "Juni": "1269",
            "Juli": "1436",
            "Agustus": "679",
            "September": "932",
            "Oktober": "1259",
            "November": "859",
            "Desember": "599",
            "Januari": "1198",
            "Februari": "525",
            "Maret": "584",
            "April": "981",
            "Mei": "886"
        },
        {
            "No": "32",
            "Nama": "D & G VELVET VETIVER",
            "Juni": "691",
            "Juli": "1199",
            "Agustus": "1321",
            "September": "681",
            "Oktober": "1265",
            "November": "824",
            "Desember": "415",
            "Januari": "1351",
            "Februari": "266",
            "Maret": "364",
            "April": "1179",
            "Mei": "325"
        },
        {
            "No": "33",
            "Nama": "KENZO BALI ",
            "Juni": "1171",
            "Juli": "126",
            "Agustus": "170",
            "September": "143",
            "Oktober": "883",
            "November": "277",
            "Desember": "590",
            "Januari": "1220",
            "Februari": "577",
            "Maret": "1183",
            "April": "694",
            "Mei": "839"
        },
        {
            "No": "34",
            "Nama": "HERMES D�JOUR",
            "Juni": "395",
            "Juli": "152",
            "Agustus": "1104",
            "September": "1073",
            "Oktober": "211",
            "November": "1205",
            "Desember": "1313",
            "Januari": "1216",
            "Februari": "1076",
            "Maret": "1134",
            "April": "1405",
            "Mei": "573"
        },
        {
            "No": "35",
            "Nama": "VIA BOMBSHELL",
            "Juni": "1465",
            "Juli": "1200",
            "Agustus": "687",
            "September": "1158",
            "Oktober": "534",
            "November": "980",
            "Desember": "647",
            "Januari": "204",
            "Februari": "1118",
            "Maret": "377",
            "April": "1190",
            "Mei": "1352"
        },
        {
            "No": "36",
            "Nama": "KATY PERRY QUEEN",
            "Juni": "488",
            "Juli": "1331",
            "Agustus": "808",
            "September": "621",
            "Oktober": "1124",
            "November": "922",
            "Desember": "866",
            "Januari": "559",
            "Februari": "848",
            "Maret": "440",
            "April": "341",
            "Mei": "997"
        },
        {
            "No": "37",
            "Nama": "PIERRE CARDIN",
            "Juni": "177",
            "Juli": "1341",
            "Agustus": "1111",
            "September": "341",
            "Oktober": "1321",
            "November": "497",
            "Desember": "414",
            "Januari": "770",
            "Februari": "487",
            "Maret": "1322",
            "April": "546",
            "Mei": "1238"
        },
        {
            "No": "38",
            "Nama": "D & G LA 3 BROTHER ",
            "Juni": "1183",
            "Juli": "829",
            "Agustus": "690",
            "September": "443",
            "Oktober": "679",
            "November": "1278",
            "Desember": "830",
            "Januari": "916",
            "Februari": "456",
            "Maret": "338",
            "April": "1294",
            "Mei": "507"
        },
        {
            "No": "39",
            "Nama": "AROOSAH",
            "Juni": "1289",
            "Juli": "1146",
            "Agustus": "655",
            "September": "268",
            "Oktober": "621",
            "November": "836",
            "Desember": "1218",
            "Januari": "837",
            "Februari": "1101",
            "Maret": "1073",
            "April": "1205",
            "Mei": "769"
        },
        {
            "No": "40",
            "Nama": "STILL DONNA",
            "Juni": "985",
            "Juli": "414",
            "Agustus": "514",
            "September": "366",
            "Oktober": "1184",
            "November": "1032",
            "Desember": "1021",
            "Januari": "836",
            "Februari": "1434",
            "Maret": "904",
            "April": "248",
            "Mei": "1258"
        },
        {
            "No": "41",
            "Nama": "CK ELECTRIC",
            "Juni": "279",
            "Juli": "1220",
            "Agustus": "1346",
            "September": "405",
            "Oktober": "783",
            "November": "1356",
            "Desember": "860",
            "Januari": "928",
            "Februari": "439",
            "Maret": "1065",
            "April": "827",
            "Mei": "650"
        },
        {
            "No": "42",
            "Nama": "DUNHILL MAN",
            "Juni": "1273",
            "Juli": "231",
            "Agustus": "1315",
            "September": "582",
            "Oktober": "697",
            "November": "1082",
            "Desember": "1175",
            "Januari": "622",
            "Februari": "1048",
            "Maret": "645",
            "April": "434",
            "Mei": "115"
        },
        {
            "No": "43",
            "Nama": "CHANEL COCO NOIR",
            "Juni": "851",
            "Juli": "1296",
            "Agustus": "661",
            "September": "453",
            "Oktober": "68",
            "November": "736",
            "Desember": "1113",
            "Januari": "341",
            "Februari": "655",
            "Maret": "1222",
            "April": "1202",
            "Mei": "255"
        },
        {
            "No": "44",
            "Nama": "MEN BRUT",
            "Juni": "1380",
            "Juli": "332",
            "Agustus": "1050",
            "September": "866",
            "Oktober": "658",
            "November": "655",
            "Desember": "79",
            "Januari": "620",
            "Februari": "1151",
            "Maret": "1047",
            "April": "357",
            "Mei": "1201"
        },
        {
            "No": "45",
            "Nama": "VICTORIA DREAM ANGEL",
            "Juni": "1112",
            "Juli": "1137",
            "Agustus": "168",
            "September": "755",
            "Oktober": "215",
            "November": "121",
            "Desember": "1304",
            "Januari": "1444",
            "Februari": "1260",
            "Maret": "599",
            "April": "501",
            "Mei": "482"
        },
        {
            "No": "46",
            "Nama": "ESCADA PASIFIC PARADISE",
            "Juni": "521",
            "Juli": "1213",
            "Agustus": "1201",
            "September": "1218",
            "Oktober": "972",
            "November": "1078",
            "Desember": "229",
            "Januari": "324",
            "Februari": "217",
            "Maret": "715",
            "April": "832",
            "Mei": "479"
        },
        {
            "No": "47",
            "Nama": "CERRUTI 1881",
            "Juni": "466",
            "Juli": "735",
            "Agustus": "465",
            "September": "915",
            "Oktober": "1185",
            "November": "425",
            "Desember": "466",
            "Januari": "227",
            "Februari": "585",
            "Maret": "603",
            "April": "294",
            "Mei": "88"
        },
        {
            "No": "48",
            "Nama": "ANNA SUI FLIGHT",
            "Juni": "410",
            "Juli": "1108",
            "Agustus": "966",
            "September": "1186",
            "Oktober": "1334",
            "November": "673",
            "Desember": "1008",
            "Januari": "1041",
            "Februari": "1315",
            "Maret": "132",
            "April": "1156",
            "Mei": "161"
        },
        {
            "No": "49",
            "Nama": "FANDY FENDY",
            "Juni": "924",
            "Juli": "146",
            "Agustus": "658",
            "September": "426",
            "Oktober": "1127",
            "November": "1013",
            "Desember": "646",
            "Januari": "1379",
            "Februari": "214",
            "Maret": "548",
            "April": "766",
            "Mei": "657"
        },
        {
            "No": "50",
            "Nama": "FOREVER RED BBW ",
            "Juni": "229",
            "Juli": "743",
            "Agustus": "880",
            "September": "1398",
            "Oktober": "419",
            "November": "816",
            "Desember": "847",
            "Januari": "665",
            "Februari": "953",
            "Maret": "158",
            "April": "1352",
            "Mei": "239"
        },
        {
            "No": "51",
            "Nama": "COCORICO BY NIGHT",
            "Juni": "447",
            "Juli": "144",
            "Agustus": "590",
            "September": "356",
            "Oktober": "1341",
            "November": "440",
            "Desember": "1277",
            "Januari": "168",
            "Februari": "341",
            "Maret": "1290",
            "April": "1479",
            "Mei": "980"
        },
        {
            "No": "52",
            "Nama": "ESCADA MAGNETISM LADY",
            "Juni": "1067",
            "Juli": "138",
            "Agustus": "738",
            "September": "681",
            "Oktober": "1004",
            "November": "564",
            "Desember": "893",
            "Januari": "832",
            "Februari": "245",
            "Maret": "547",
            "April": "514",
            "Mei": "987"
        },
        {
            "No": "53",
            "Nama": "BANANA REPUBLIC",
            "Juni": "1073",
            "Juli": "242",
            "Agustus": "1010",
            "September": "398",
            "Oktober": "1165",
            "November": "1035",
            "Desember": "603",
            "Januari": "429",
            "Februari": "596",
            "Maret": "519",
            "April": "1199",
            "Mei": "367"
        },
        {
            "No": "54",
            "Nama": "BURBERRY BRIT LADY",
            "Juni": "57",
            "Juli": "136",
            "Agustus": "788",
            "September": "142",
            "Oktober": "388",
            "November": "547",
            "Desember": "257",
            "Januari": "336",
            "Februari": "241",
            "Maret": "1127",
            "April": "752",
            "Mei": "152"
        },
        {
            "No": "55",
            "Nama": "BULGARI AU THE ROUGH",
            "Juni": "1309",
            "Juli": "207",
            "Agustus": "1272",
            "September": "532",
            "Oktober": "1228",
            "November": "357",
            "Desember": "733",
            "Januari": "348",
            "Februari": "737",
            "Maret": "420",
            "April": "317",
            "Mei": "1328"
        },
        {
            "No": "56",
            "Nama": "CK IN TO YOU HIM",
            "Juni": "1312",
            "Juli": "955",
            "Agustus": "235",
            "September": "1342",
            "Oktober": "179",
            "November": "279",
            "Desember": "82",
            "Januari": "1084",
            "Februari": "842",
            "Maret": "642",
            "April": "856",
            "Mei": "963"
        },
        {
            "No": "57",
            "Nama": "CHERRY BELLE ",
            "Juni": "728",
            "Juli": "896",
            "Agustus": "612",
            "September": "813",
            "Oktober": "207",
            "November": "439",
            "Desember": "1079",
            "Januari": "760",
            "Februari": "1359",
            "Maret": "1445",
            "April": "185",
            "Mei": "1234"
        },
        {
            "No": "58",
            "Nama": "RED ROSE",
            "Juni": "454",
            "Juli": "617",
            "Agustus": "345",
            "September": "899",
            "Oktober": "868",
            "November": "856",
            "Desember": "95",
            "Januari": "1175",
            "Februari": "280",
            "Maret": "1126",
            "April": "423",
            "Mei": "461"
        },
        {
            "No": "59",
            "Nama": "HYPNOSE SENSE",
            "Juni": "813",
            "Juli": "558",
            "Agustus": "384",
            "September": "529",
            "Oktober": "530",
            "November": "152",
            "Desember": "654",
            "Januari": "1208",
            "Februari": "355",
            "Maret": "819",
            "April": "1405",
            "Mei": "645"
        },
        {
            "No": "60",
            "Nama": "CK ONE RED EDITION HIM ",
            "Juni": "514",
            "Juli": "213",
            "Agustus": "458",
            "September": "1279",
            "Oktober": "1374",
            "November": "1240",
            "Desember": "471",
            "Januari": "65",
            "Februari": "781",
            "Maret": "812",
            "April": "369",
            "Mei": "338"
        },
        {
            "No": "61",
            "Nama": "HUGO BOSS IN MOTION WHITE",
            "Juni": "617",
            "Juli": "125",
            "Agustus": "283",
            "September": "541",
            "Oktober": "450",
            "November": "500",
            "Desember": "590",
            "Januari": "554",
            "Februari": "402",
            "Maret": "229",
            "April": "81",
            "Mei": "958"
        },
        {
            "No": "62",
            "Nama": "JUSTIN BIEBER KEY",
            "Juni": "632",
            "Juli": "752",
            "Agustus": "692",
            "September": "974",
            "Oktober": "1128",
            "November": "1022",
            "Desember": "903",
            "Januari": "585",
            "Februari": "779",
            "Maret": "789",
            "April": "1352",
            "Mei": "459"
        },
        {
            "No": "63",
            "Nama": "BODY SHOP MAN",
            "Juni": "1341",
            "Juli": "422",
            "Agustus": "1280",
            "September": "898",
            "Oktober": "1233",
            "November": "713",
            "Desember": "598",
            "Januari": "978",
            "Februari": "282",
            "Maret": "964",
            "April": "1077",
            "Mei": "139"
        },
        {
            "No": "64",
            "Nama": "HUGO BOSS ENERGISE",
            "Juni": "1200",
            "Juli": "1371",
            "Agustus": "1316",
            "September": "600",
            "Oktober": "807",
            "November": "945",
            "Desember": "617",
            "Januari": "912",
            "Februari": "469",
            "Maret": "200",
            "April": "1285",
            "Mei": "1452"
        },
        {
            "No": "65",
            "Nama": "CK ONE SUMMER",
            "Juni": "283",
            "Juli": "411",
            "Agustus": "320",
            "September": "217",
            "Oktober": "985",
            "November": "832",
            "Desember": "452",
            "Januari": "216",
            "Februari": "58",
            "Maret": "10",
            "April": "141",
            "Mei": "793"
        },
        {
            "No": "66",
            "Nama": "INCANTO FERRAGAMO",
            "Juni": "677",
            "Juli": "468",
            "Agustus": "249",
            "September": "1298",
            "Oktober": "1403",
            "November": "1063",
            "Desember": "1380",
            "Januari": "1043",
            "Februari": "1373",
            "Maret": "736",
            "April": "231",
            "Mei": "982"
        },
        {
            "No": "67",
            "Nama": "LOVE BY CHLOE",
            "Juni": "742",
            "Juli": "448",
            "Agustus": "630",
            "September": "482",
            "Oktober": "440",
            "November": "80",
            "Desember": "940",
            "Januari": "1269",
            "Februari": "712",
            "Maret": "814",
            "April": "1247",
            "Mei": "1088"
        },
        {
            "No": "68",
            "Nama": "HERMES LADY",
            "Juni": "1381",
            "Juli": "503",
            "Agustus": "1247",
            "September": "1047",
            "Oktober": "357",
            "November": "1116",
            "Desember": "418",
            "Januari": "1221",
            "Februari": "1297",
            "Maret": "1043",
            "April": "532",
            "Mei": "1129"
        },
        {
            "No": "69",
            "Nama": "LANVIN MARRY ME",
            "Juni": "409",
            "Juli": "500",
            "Agustus": "437",
            "September": "579",
            "Oktober": "868",
            "November": "307",
            "Desember": "1124",
            "Januari": "396",
            "Februari": "832",
            "Maret": "511",
            "April": "1257",
            "Mei": "832"
        },
        {
            "No": "70",
            "Nama": "ISSEY MIYAKE HOMME SPORT ",
            "Juni": "687",
            "Juli": "865",
            "Agustus": "262",
            "September": "211",
            "Oktober": "57",
            "November": "613",
            "Desember": "646",
            "Januari": "1136",
            "Februari": "1122",
            "Maret": "742",
            "April": "1222",
            "Mei": "1391"
        },
        {
            "No": "71",
            "Nama": "SPALDING",
            "Juni": "1175",
            "Juli": "1342",
            "Agustus": "220",
            "September": "369",
            "Oktober": "158",
            "November": "605",
            "Desember": "817",
            "Januari": "496",
            "Februari": "783",
            "Maret": "1235",
            "April": "1276",
            "Mei": "353"
        },
        {
            "No": "72",
            "Nama": "BURBERRY SPORT ICE",
            "Juni": "319",
            "Juli": "828",
            "Agustus": "186",
            "September": "509",
            "Oktober": "1072",
            "November": "949",
            "Desember": "1053",
            "Januari": "879",
            "Februari": "1006",
            "Maret": "767",
            "April": "531",
            "Mei": "850"
        },
        {
            "No": "73",
            "Nama": "DKNY BE DELICIOUS NIGHT",
            "Juni": "1047",
            "Juli": "226",
            "Agustus": "1134",
            "September": "775",
            "Oktober": "204",
            "November": "1118",
            "Desember": "823",
            "Januari": "1153",
            "Februari": "867",
            "Maret": "1324",
            "April": "1415",
            "Mei": "205"
        },
        {
            "No": "74",
            "Nama": "CHANEL CHANCE TENDER",
            "Juni": "571",
            "Juli": "525",
            "Agustus": "867",
            "September": "604",
            "Oktober": "510",
            "November": "1082",
            "Desember": "851",
            "Januari": "1242",
            "Februari": "615",
            "Maret": "719",
            "April": "234",
            "Mei": "1337"
        },
        {
            "No": "75",
            "Nama": "MISIK HITAM",
            "Juni": "774",
            "Juli": "1378",
            "Agustus": "1344",
            "September": "1043",
            "Oktober": "280",
            "November": "631",
            "Desember": "1386",
            "Januari": "1313",
            "Februari": "626",
            "Maret": "184",
            "April": "59",
            "Mei": "307"
        },
        {
            "No": "76",
            "Nama": "ASEEL",
            "Juni": "436",
            "Juli": "291",
            "Agustus": "475",
            "September": "259",
            "Oktober": "381",
            "November": "700",
            "Desember": "93",
            "Januari": "477",
            "Februari": "1002",
            "Maret": "1275",
            "April": "281",
            "Mei": "906"
        },
        {
            "No": "77",
            "Nama": "GIORGIO ARMANI CODE ICE ",
            "Juni": "806",
            "Juli": "724",
            "Agustus": "1188",
            "September": "681",
            "Oktober": "293",
            "November": "484",
            "Desember": "831",
            "Januari": "313",
            "Februari": "1354",
            "Maret": "842",
            "April": "1263",
            "Mei": "684"
        },
        {
            "No": "78",
            "Nama": "CK ONE SUMMER 2014 ",
            "Juni": "142",
            "Juli": "392",
            "Agustus": "1259",
            "September": "508",
            "Oktober": "771",
            "November": "914",
            "Desember": "163",
            "Januari": "61",
            "Februari": "627",
            "Maret": "900",
            "April": "1355",
            "Mei": "460"
        },
        {
            "No": "79",
            "Nama": "KENZO LEOPARD MAN",
            "Juni": "56",
            "Juli": "1239",
            "Agustus": "992",
            "September": "963",
            "Oktober": "708",
            "November": "1317",
            "Desember": "1428",
            "Januari": "201",
            "Februari": "1204",
            "Maret": "804",
            "April": "1165",
            "Mei": "387"
        },
        {
            "No": "80",
            "Nama": "KENZO INDIGO",
            "Juni": "1286",
            "Juli": "1033",
            "Agustus": "207",
            "September": "556",
            "Oktober": "1046",
            "November": "1162",
            "Desember": "562",
            "Januari": "1105",
            "Februari": "556",
            "Maret": "677",
            "April": "171",
            "Mei": "841"
        },
        {
            "No": "81",
            "Nama": "JESSICA PARKER",
            "Juni": "868",
            "Juli": "505",
            "Agustus": "82",
            "September": "256",
            "Oktober": "1074",
            "November": "1322",
            "Desember": "1158",
            "Januari": "840",
            "Februari": "237",
            "Maret": "235",
            "April": "744",
            "Mei": "1235"
        },
        {
            "No": "82",
            "Nama": "VERA WANG PRINCESS",
            "Juni": "261",
            "Juli": "656",
            "Agustus": "597",
            "September": "366",
            "Oktober": "1333",
            "November": "961",
            "Desember": "794",
            "Januari": "700",
            "Februari": "75",
            "Maret": "147",
            "April": "69",
            "Mei": "1055"
        },
        {
            "No": "83",
            "Nama": "VALENTINO ROSSI",
            "Juni": "1170",
            "Juli": "1188",
            "Agustus": "285",
            "September": "501",
            "Oktober": "752",
            "November": "219",
            "Desember": "1300",
            "Januari": "648",
            "Februari": "1050",
            "Maret": "425",
            "April": "461",
            "Mei": "1261"
        },
        {
            "No": "84",
            "Nama": "BCL BUNGA CITRA LESTARI",
            "Juni": "1363",
            "Juli": "1149",
            "Agustus": "844",
            "September": "872",
            "Oktober": "1284",
            "November": "1321",
            "Desember": "789",
            "Januari": "1307",
            "Februari": "329",
            "Maret": "1221",
            "April": "1364",
            "Mei": "357"
        },
        {
            "No": "85",
            "Nama": "BARCELONA",
            "Juni": "1270",
            "Juli": "204",
            "Agustus": "1073",
            "September": "107",
            "Oktober": "191",
            "November": "244",
            "Desember": "893",
            "Januari": "1354",
            "Februari": "1265",
            "Maret": "469",
            "April": "344",
            "Mei": "979"
        },
        {
            "No": "86",
            "Nama": "ETERNITY NOW FOR BY CK ",
            "Juni": "668",
            "Juli": "202",
            "Agustus": "394",
            "September": "984",
            "Oktober": "737",
            "November": "384",
            "Desember": "794",
            "Januari": "1236",
            "Februari": "1163",
            "Maret": "1219",
            "April": "1166",
            "Mei": "751"
        },
        {
            "No": "87",
            "Nama": "CHANEL COCO NOIR",
            "Juni": "899",
            "Juli": "1174",
            "Agustus": "567",
            "September": "795",
            "Oktober": "111",
            "November": "812",
            "Desember": "518",
            "Januari": "956",
            "Februari": "1086",
            "Maret": "1175",
            "April": "860",
            "Mei": "1414"
        },
        {
            "No": "88",
            "Nama": "BURBERRY BRIT GOLD",
            "Juni": "400",
            "Juli": "630",
            "Agustus": "1391",
            "September": "1332",
            "Oktober": "1362",
            "November": "190",
            "Desember": "1099",
            "Januari": "1230",
            "Februari": "1122",
            "Maret": "1395",
            "April": "788",
            "Mei": "970"
        },
        {
            "No": "89",
            "Nama": "CARTIER ROOSTER",
            "Juni": "1171",
            "Juli": "1449",
            "Agustus": "1090",
            "September": "955",
            "Oktober": "469",
            "November": "789",
            "Desember": "502",
            "Januari": "860",
            "Februari": "635",
            "Maret": "343",
            "April": "1155",
            "Mei": "1403"
        },
        {
            "No": "90",
            "Nama": "MUKHALLAT REIS",
            "Juni": "180",
            "Juli": "905",
            "Agustus": "1036",
            "September": "1103",
            "Oktober": "124",
            "November": "1335",
            "Desember": "948",
            "Januari": "365",
            "Februari": "140",
            "Maret": "545",
            "April": "1099",
            "Mei": "776"
        },
        {
            "No": "91",
            "Nama": "LIONEL MESSI",
            "Juni": "53",
            "Juli": "1256",
            "Agustus": "1435",
            "September": "1116",
            "Oktober": "184",
            "November": "1175",
            "Desember": "451",
            "Januari": "1247",
            "Februari": "638",
            "Maret": "284",
            "April": "766",
            "Mei": "887"
        },
        {
            "No": "92",
            "Nama": "MAHER ZAIN",
            "Juni": "397",
            "Juli": "359",
            "Agustus": "1359",
            "September": "239",
            "Oktober": "703",
            "November": "714",
            "Desember": "1421",
            "Januari": "408",
            "Februari": "959",
            "Maret": "1194",
            "April": "277",
            "Mei": "896"
        },
        {
            "No": "93",
            "Nama": "MONT BLANC LEGEND ",
            "Juni": "1101",
            "Juli": "1060",
            "Agustus": "1348",
            "September": "1035",
            "Oktober": "167",
            "November": "1142",
            "Desember": "384",
            "Januari": "740",
            "Februari": "925",
            "Maret": "525",
            "April": "597",
            "Mei": "946"
        },
        {
            "No": "94",
            "Nama": "BULGARI BLV MAN",
            "Juni": "165",
            "Juli": "323",
            "Agustus": "491",
            "September": "99",
            "Oktober": "46",
            "November": "990",
            "Desember": "1314",
            "Januari": "410",
            "Februari": "1090",
            "Maret": "1432",
            "April": "197",
            "Mei": "357"
        },
        {
            "No": "95",
            "Nama": "ETERNITY LOVE",
            "Juni": "881",
            "Juli": "624",
            "Agustus": "715",
            "September": "1174",
            "Oktober": "419",
            "November": "393",
            "Desember": "1313",
            "Januari": "1072",
            "Februari": "989",
            "Maret": "571",
            "April": "480",
            "Mei": "1344"
        },
        {
            "No": "96",
            "Nama": "BULGARI AQUA MARINE",
            "Juni": "1054",
            "Juli": "996",
            "Agustus": "928",
            "September": "799",
            "Oktober": "156",
            "November": "1244",
            "Desember": "142",
            "Januari": "590",
            "Februari": "1234",
            "Maret": "1095",
            "April": "380",
            "Mei": "659"
        },
        {
            "No": "97",
            "Nama": "AMOR AMOR CACHAREL SCARLETT",
            "Juni": "299",
            "Juli": "1051",
            "Agustus": "564",
            "September": "1132",
            "Oktober": "1373",
            "November": "1321",
            "Desember": "699",
            "Januari": "412",
            "Februari": "1283",
            "Maret": "362",
            "April": "1076",
            "Mei": "774"
        },
        {
            "No": "98",
            "Nama": "CK IN TO YOU HIM",
            "Juni": "614",
            "Juli": "178",
            "Agustus": "261",
            "September": "913",
            "Oktober": "447",
            "November": "58",
            "Desember": "1108",
            "Januari": "408",
            "Februari": "824",
            "Maret": "1000",
            "April": "172",
            "Mei": "980"
        },
        {
            "No": "99",
            "Nama": "GUESS SEDUCTIVE WILD SUMMER",
            "Juni": "1282",
            "Juli": "223",
            "Agustus": "850",
            "September": "486",
            "Oktober": "679",
            "November": "1098",
            "Desember": "492",
            "Januari": "657",
            "Februari": "160",
            "Maret": "169",
            "April": "993",
            "Mei": "833"
        },
        {
            "No": "100",
            "Nama": "SEAN JOHN I AM KING ",
            "Juni": "503",
            "Juli": "743",
            "Agustus": "529",
            "September": "228",
            "Oktober": "626",
            "November": "742",
            "Desember": "110",
            "Januari": "574",
            "Februari": "516",
            "Maret": "169",
            "April": "359",
            "Mei": "238"
        }
    ]}