{
    "Aktual": [
        {
            "No.": "1",
            "Nama": "VICTORIA SECRET LOVE",
            "Juni": "700",
            "Juli": "900",
            "Agustus": "1345",
            "September": "1380",
            "Oktober": "1355",
            "November": "970",
            "Desember": "795",
            "Januari": "405",
            "Februari": "30",
            "Maret": "365",
            "April": "855",
            "Mei": "570"
        },
        {
            "No.": "2",
            "Nama": "JAGUAR CLASIC",
            "Juni": "570",
            "Juli": "525",
            "Agustus": "1335",
            "September": "1340",
            "Oktober": "1185",
            "November": "580",
            "Desember": "660",
            "Januari": "1220",
            "Februari": "1085",
            "Maret": "405",
            "April": "1195",
            "Mei": "1445"
        },
        {
            "No.": "3",
            "Nama": "PLAYBOY SEXY",
            "Juni": "130",
            "Juli": "835",
            "Agustus": "880",
            "September": "625",
            "Oktober": "1085",
            "November": "1310",
            "Desember": "295",
            "Januari": "545",
            "Februari": "50",
            "Maret": "100",
            "April": "5",
            "Mei": "805"
        },
        {
            "No.": "4",
            "Nama": "VICTORIA SECRET PINK SURF",
            "Juni": "505",
            "Juli": "1385",
            "Agustus": "935",
            "September": "100",
            "Oktober": "470",
            "November": "275",
            "Desember": "285",
            "Januari": "1190",
            "Februari": "890",
            "Maret": "910",
            "April": "1315",
            "Mei": "805"
        },
        {
            "No.": "5",
            "Nama": "BENETTON COOL",
            "Juni": "1145",
            "Juli": "1010",
            "Agustus": "100",
            "September": "1170",
            "Oktober": "150",
            "November": "530",
            "Desember": "610",
            "Januari": "400",
            "Februari": "590",
            "Maret": "435",
            "April": "540",
            "Mei": "1130"
        },
        {
            "No.": "6",
            "Nama": "AZZARO TWIN MAN",
            "Juni": "1140",
            "Juli": "345",
            "Agustus": "1185",
            "September": "105",
            "Oktober": "330",
            "November": "1420",
            "Desember": "330",
            "Januari": "935",
            "Februari": "290",
            "Maret": "315",
            "April": "1060",
            "Mei": "520"
        },
        {
            "No.": "7",
            "Nama": "COKLAT CAPPUCINO",
            "Juni": "1455",
            "Juli": "225",
            "Agustus": "1060",
            "September": "870",
            "Oktober": "435",
            "November": "1275",
            "Desember": "360",
            "Januari": "1180",
            "Februari": "390",
            "Maret": "660",
            "April": "385",
            "Mei": "180"
        },
        {
            "No.": "8",
            "Nama": "TAYLOR SWIFT",
            "Juni": "1455",
            "Juli": "1245",
            "Agustus": "1400",
            "September": "790",
            "Oktober": "565",
            "November": "545",
            "Desember": "480",
            "Januari": "635",
            "Februari": "35",
            "Maret": "1215",
            "April": "495",
            "Mei": "970"
        },
        {
            "No.": "9",
            "Nama": "AIGNER BLUE ( KEVA )",
            "Juni": "705",
            "Juli": "855",
            "Agustus": "1415",
            "September": "1295",
            "Oktober": "520",
            "November": "910",
            "Desember": "1420",
            "Januari": "600",
            "Februari": "425",
            "Maret": "910",
            "April": "1190",
            "Mei": "1010"
        },
        {
            "No.": "10",
            "Nama": "ISSEY MIYAKE HOMME SPORT ",
            "Juni": "65",
            "Juli": "745",
            "Agustus": "640",
            "September": "680",
            "Oktober": "365",
            "November": "500",
            "Desember": "655",
            "Januari": "715",
            "Februari": "1360",
            "Maret": "375",
            "April": "460",
            "Mei": "1345"
        },
        {
            "No.": "11",
            "Nama": "BEYOND PARADISE",
            "Juni": "1260",
            "Juli": "1385",
            "Agustus": "1275",
            "September": "555",
            "Oktober": "245",
            "November": "1205",
            "Desember": "610",
            "Januari": "45",
            "Februari": "480",
            "Maret": "725",
            "April": "785",
            "Mei": "250"
        },
        {
            "No.": "12",
            "Nama": "DAVIDOFF GAME LADY",
            "Juni": "650",
            "Juli": "1275",
            "Agustus": "220",
            "September": "490",
            "Oktober": "75",
            "November": "1320",
            "Desember": "1165",
            "Januari": "1290",
            "Februari": "440",
            "Maret": "1040",
            "April": "1465",
            "Mei": "1250"
        },
        {
            "No.": "13",
            "Nama": "DKNY GOLDEN DELICIOUS",
            "Juni": "1130",
            "Juli": "760",
            "Agustus": "1425",
            "September": "1420",
            "Oktober": "1390",
            "November": "375",
            "Desember": "890",
            "Januari": "1180",
            "Februari": "410",
            "Maret": "1100",
            "April": "1460",
            "Mei": "770"
        },
        {
            "No.": "14",
            "Nama": "JESSICA SIMPSON BLOOM",
            "Juni": "1160",
            "Juli": "1415",
            "Agustus": "1225",
            "September": "305",
            "Oktober": "970",
            "November": "540",
            "Desember": "290",
            "Januari": "280",
            "Februari": "395",
            "Maret": "295",
            "April": "1440",
            "Mei": "1365"
        },
        {
            "No.": "15",
            "Nama": "COACH POPPY",
            "Juni": "425",
            "Juli": "1425",
            "Agustus": "265",
            "September": "345",
            "Oktober": "1120",
            "November": "175",
            "Desember": "485",
            "Januari": "815",
            "Februari": "1500",
            "Maret": "1060",
            "April": "655",
            "Mei": "1335"
        },
        {
            "No.": "16",
            "Nama": "STILL DONNA",
            "Juni": "1180",
            "Juli": "525",
            "Agustus": "975",
            "September": "1455",
            "Oktober": "475",
            "November": "250",
            "Desember": "600",
            "Januari": "600",
            "Februari": "420",
            "Maret": "730",
            "April": "155",
            "Mei": "1065"
        },
        {
            "No.": "17",
            "Nama": "ANGEL MAN",
            "Juni": "1390",
            "Juli": "580",
            "Agustus": "1120",
            "September": "895",
            "Oktober": "1320",
            "November": "1450",
            "Desember": "1335",
            "Januari": "300",
            "Februari": "1120",
            "Maret": "1325",
            "April": "1035",
            "Mei": "1220"
        },
        {
            "No.": "18",
            "Nama": "BURBERRY MAN",
            "Juni": "1385",
            "Juli": "1040",
            "Agustus": "370",
            "September": "345",
            "Oktober": "1145",
            "November": "1285",
            "Desember": "290",
            "Januari": "1300",
            "Februari": "1375",
            "Maret": "725",
            "April": "1145",
            "Mei": "1335"
        },
        {
            "No.": "19",
            "Nama": "JLO PLATINUM",
            "Juni": "940",
            "Juli": "915",
            "Agustus": "370",
            "September": "1465",
            "Oktober": "1455",
            "November": "340",
            "Desember": "950",
            "Januari": "1435",
            "Februari": "600",
            "Maret": "270",
            "April": "980",
            "Mei": "805"
        },
        {
            "No.": "20",
            "Nama": "TOMMY T WOMEN",
            "Juni": "290",
            "Juli": "1360",
            "Agustus": "1335",
            "September": "385",
            "Oktober": "425",
            "November": "1250",
            "Desember": "1125",
            "Januari": "840",
            "Februari": "1360",
            "Maret": "1170",
            "April": "1060",
            "Mei": "85"
        },
        {
            "No.": "21",
            "Nama": "VICTORIA SECRET NIGHT ",
            "Juni": "460",
            "Juli": "295",
            "Agustus": "200",
            "September": "1430",
            "Oktober": "945",
            "November": "1150",
            "Desember": "305",
            "Januari": "585",
            "Februari": "385",
            "Maret": "105",
            "April": "925",
            "Mei": "745"
        },
        {
            "No.": "22",
            "Nama": "TOMMY JEANS",
            "Juni": "895",
            "Juli": "1055",
            "Agustus": "1080",
            "September": "1090",
            "Oktober": "415",
            "November": "40",
            "Desember": "1015",
            "Januari": "1365",
            "Februari": "1460",
            "Maret": "565",
            "April": "225",
            "Mei": "1085"
        },
        {
            "No.": "23",
            "Nama": "BE ENCHANTED",
            "Juni": "1160",
            "Juli": "415",
            "Agustus": "960",
            "September": "1015",
            "Oktober": "670",
            "November": "590",
            "Desember": "1455",
            "Januari": "1050",
            "Februari": "430",
            "Maret": "155",
            "April": "620",
            "Mei": "570"
        },
        {
            "No.": "24",
            "Nama": "KATY PERRY KILLER QUEEN",
            "Juni": "1340",
            "Juli": "75",
            "Agustus": "485",
            "September": "625",
            "Oktober": "805",
            "November": "1145",
            "Desember": "140",
            "Januari": "75",
            "Februari": "270",
            "Maret": "460",
            "April": "910",
            "Mei": "855"
        },
        {
            "No.": "25",
            "Nama": "MONT BLANC INDIVIDUEL",
            "Juni": "965",
            "Juli": "205",
            "Agustus": "365",
            "September": "5",
            "Oktober": "765",
            "November": "1110",
            "Desember": "900",
            "Januari": "825",
            "Februari": "400",
            "Maret": "80",
            "April": "1340",
            "Mei": "445"
        },
        {
            "No.": "26",
            "Nama": "BULGARI JASMIN NOIR",
            "Juni": "300",
            "Juli": "960",
            "Agustus": "1465",
            "September": "680",
            "Oktober": "460",
            "November": "65",
            "Desember": "1280",
            "Januari": "690",
            "Februari": "385",
            "Maret": "630",
            "April": "960",
            "Mei": "50"
        },
        {
            "No.": "27",
            "Nama": "HUGO BOSS THE SCENT ",
            "Juni": "1130",
            "Juli": "945",
            "Agustus": "1375",
            "September": "1025",
            "Oktober": "990",
            "November": "1140",
            "Desember": "255",
            "Januari": "1450",
            "Februari": "1405",
            "Maret": "1475",
            "April": "925",
            "Mei": "1025"
        },
        {
            "No.": "28",
            "Nama": "HUGO BOSS FEMME",
            "Juni": "800",
            "Juli": "30",
            "Agustus": "1150",
            "September": "1120",
            "Oktober": "770",
            "November": "290",
            "Desember": "1285",
            "Januari": "50",
            "Februari": "90",
            "Maret": "930",
            "April": "710",
            "Mei": "1055"
        },
        {
            "No.": "29",
            "Nama": "MOSCHINO FRESH",
            "Juni": "75",
            "Juli": "695",
            "Agustus": "945",
            "September": "1285",
            "Oktober": "1175",
            "November": "1275",
            "Desember": "5",
            "Januari": "265",
            "Februari": "210",
            "Maret": "1005",
            "April": "1460",
            "Mei": "95"
        },
        {
            "No.": "30",
            "Nama": "DAVIDOFF CHAMPION",
            "Juni": "1285",
            "Juli": "590",
            "Agustus": "1400",
            "September": "555",
            "Oktober": "65",
            "November": "940",
            "Desember": "45",
            "Januari": "680",
            "Februari": "1020",
            "Maret": "40",
            "April": "325",
            "Mei": "1170"
        },
        {
            "No.": "31",
            "Nama": "1 MILLION",
            "Juni": "1495",
            "Juli": "355",
            "Agustus": "920",
            "September": "730",
            "Oktober": "1120",
            "November": "55",
            "Desember": "1495",
            "Januari": "835",
            "Februari": "490",
            "Maret": "575",
            "April": "1460",
            "Mei": "530"
        },
        {
            "No.": "32",
            "Nama": "D & G VELVET VETIVER",
            "Juni": "1195",
            "Juli": "670",
            "Agustus": "1265",
            "September": "80",
            "Oktober": "945",
            "November": "445",
            "Desember": "655",
            "Januari": "1360",
            "Februari": "1000",
            "Maret": "420",
            "April": "205",
            "Mei": "920"
        },
        {
            "No.": "33",
            "Nama": "KENZO BALI ",
            "Juni": "695",
            "Juli": "1225",
            "Agustus": "1275",
            "September": "55",
            "Oktober": "300",
            "November": "105",
            "Desember": "650",
            "Januari": "515",
            "Februari": "995",
            "Maret": "1330",
            "April": "660",
            "Mei": "645"
        },
        {
            "No.": "34",
            "Nama": "HERMES D�JOUR",
            "Juni": "885",
            "Juli": "1380",
            "Agustus": "595",
            "September": "310",
            "Oktober": "1130",
            "November": "835",
            "Desember": "1355",
            "Januari": "315",
            "Februari": "1430",
            "Maret": "205",
            "April": "1455",
            "Mei": "640"
        },
        {
            "No.": "35",
            "Nama": "VIA BOMBSHELL",
            "Juni": "365",
            "Juli": "1075",
            "Agustus": "935",
            "September": "705",
            "Oktober": "705",
            "November": "320",
            "Desember": "140",
            "Januari": "215",
            "Februari": "220",
            "Maret": "210",
            "April": "390",
            "Mei": "1150"
        },
        {
            "No.": "36",
            "Nama": "KATY PERRY QUEEN",
            "Juni": "1225",
            "Juli": "255",
            "Agustus": "390",
            "September": "140",
            "Oktober": "1110",
            "November": "815",
            "Desember": "1245",
            "Januari": "1260",
            "Februari": "1125",
            "Maret": "615",
            "April": "390",
            "Mei": "1265"
        },
        {
            "No.": "37",
            "Nama": "PIERRE CARDIN",
            "Juni": "645",
            "Juli": "1210",
            "Agustus": "385",
            "September": "1355",
            "Oktober": "1245",
            "November": "80",
            "Desember": "1270",
            "Januari": "605",
            "Februari": "1075",
            "Maret": "550",
            "April": "1290",
            "Mei": "1315"
        },
        {
            "No.": "38",
            "Nama": "D & G LA 3 BROTHER ",
            "Juni": "1015",
            "Juli": "210",
            "Agustus": "1490",
            "September": "345",
            "Oktober": "915",
            "November": "980",
            "Desember": "375",
            "Januari": "1220",
            "Februari": "1415",
            "Maret": "840",
            "April": "480",
            "Mei": "1400"
        },
        {
            "No.": "39",
            "Nama": "AROOSAH",
            "Juni": "1235",
            "Juli": "110",
            "Agustus": "680",
            "September": "60",
            "Oktober": "1295",
            "November": "1120",
            "Desember": "145",
            "Januari": "1255",
            "Februari": "1125",
            "Maret": "625",
            "April": "1450",
            "Mei": "1040"
        },
        {
            "No.": "40",
            "Nama": "STILL DONNA",
            "Juni": "115",
            "Juli": "1205",
            "Agustus": "435",
            "September": "630",
            "Oktober": "1495",
            "November": "1140",
            "Desember": "895",
            "Januari": "155",
            "Februari": "425",
            "Maret": "740",
            "April": "105",
            "Mei": "1485"
        },
        {
            "No.": "41",
            "Nama": "CK ELECTRIC",
            "Juni": "350",
            "Juli": "345",
            "Agustus": "450",
            "September": "1010",
            "Oktober": "1170",
            "November": "1200",
            "Desember": "395",
            "Januari": "410",
            "Februari": "1205",
            "Maret": "1120",
            "April": "620",
            "Mei": "285"
        },
        {
            "No.": "42",
            "Nama": "DUNHILL MAN",
            "Juni": "1145",
            "Juli": "1200",
            "Agustus": "515",
            "September": "340",
            "Oktober": "385",
            "November": "855",
            "Desember": "925",
            "Januari": "1375",
            "Februari": "445",
            "Maret": "1320",
            "April": "1060",
            "Mei": "0"
        },
        {
            "No.": "43",
            "Nama": "CHANEL COCO NOIR",
            "Juni": "960",
            "Juli": "1000",
            "Agustus": "1110",
            "September": "1375",
            "Oktober": "445",
            "November": "1495",
            "Desember": "110",
            "Januari": "890",
            "Februari": "635",
            "Maret": "770",
            "April": "380",
            "Mei": "430"
        },
        {
            "No.": "44",
            "Nama": "MEN BRUT",
            "Juni": "415",
            "Juli": "125",
            "Agustus": "485",
            "September": "940",
            "Oktober": "885",
            "November": "790",
            "Desember": "165",
            "Januari": "955",
            "Februari": "1110",
            "Maret": "1485",
            "April": "285",
            "Mei": "760"
        },
        {
            "No.": "45",
            "Nama": "VICTORIA DREAM ANGEL",
            "Juni": "1170",
            "Juli": "600",
            "Agustus": "830",
            "September": "660",
            "Oktober": "1100",
            "November": "145",
            "Desember": "140",
            "Januari": "1400",
            "Februari": "80",
            "Maret": "235",
            "April": "360",
            "Mei": "1340"
        },
        {
            "No.": "46",
            "Nama": "ESCADA PASIFIC PARADISE",
            "Juni": "1110",
            "Juli": "555",
            "Agustus": "1345",
            "September": "1135",
            "Oktober": "75",
            "November": "1490",
            "Desember": "210",
            "Januari": "1435",
            "Februari": "1220",
            "Maret": "395",
            "April": "990",
            "Mei": "1445"
        },
        {
            "No.": "47",
            "Nama": "CERRUTI 1881",
            "Juni": "770",
            "Juli": "330",
            "Agustus": "1205",
            "September": "810",
            "Oktober": "1010",
            "November": "295",
            "Desember": "1225",
            "Januari": "1320",
            "Februari": "980",
            "Maret": "1285",
            "April": "225",
            "Mei": "10"
        },
        {
            "No.": "48",
            "Nama": "ANNA SUI FLIGHT",
            "Juni": "300",
            "Juli": "970",
            "Agustus": "1020",
            "September": "105",
            "Oktober": "725",
            "November": "220",
            "Desember": "795",
            "Januari": "385",
            "Februari": "760",
            "Maret": "935",
            "April": "485",
            "Mei": "565"
        },
        {
            "No.": "49",
            "Nama": "FANDY FENDY",
            "Juni": "260",
            "Juli": "1205",
            "Agustus": "445",
            "September": "995",
            "Oktober": "1435",
            "November": "1370",
            "Desember": "430",
            "Januari": "1085",
            "Februari": "650",
            "Maret": "130",
            "April": "900",
            "Mei": "115"
        },
        {
            "No.": "50",
            "Nama": "FOREVER RED BBW ",
            "Juni": "345",
            "Juli": "30",
            "Agustus": "170",
            "September": "1345",
            "Oktober": "1045",
            "November": "1135",
            "Desember": "310",
            "Januari": "1130",
            "Februari": "870",
            "Maret": "625",
            "April": "255",
            "Mei": "790"
        },
        {
            "No.": "51",
            "Nama": "COCORICO BY NIGHT",
            "Juni": "325",
            "Juli": "285",
            "Agustus": "160",
            "September": "605",
            "Oktober": "665",
            "November": "1370",
            "Desember": "65",
            "Januari": "945",
            "Februari": "990",
            "Maret": "280",
            "April": "955",
            "Mei": "845"
        },
        {
            "No.": "52",
            "Nama": "ESCADA MAGNETISM LADY",
            "Juni": "1395",
            "Juli": "270",
            "Agustus": "225",
            "September": "755",
            "Oktober": "1040",
            "November": "920",
            "Desember": "1470",
            "Januari": "980",
            "Februari": "1090",
            "Maret": "840",
            "April": "1185",
            "Mei": "1350"
        },
        {
            "No.": "53",
            "Nama": "BANANA REPUBLIC",
            "Juni": "1325",
            "Juli": "1150",
            "Agustus": "1300",
            "September": "1035",
            "Oktober": "860",
            "November": "280",
            "Desember": "535",
            "Januari": "60",
            "Februari": "900",
            "Maret": "1155",
            "April": "890",
            "Mei": "1070"
        },
        {
            "No.": "54",
            "Nama": "BURBERRY BRIT LADY",
            "Juni": "1135",
            "Juli": "1220",
            "Agustus": "760",
            "September": "80",
            "Oktober": "280",
            "November": "140",
            "Desember": "375",
            "Januari": "595",
            "Februari": "1405",
            "Maret": "425",
            "April": "610",
            "Mei": "230"
        },
        {
            "No.": "55",
            "Nama": "BULGARI AU THE ROUGH",
            "Juni": "1370",
            "Juli": "460",
            "Agustus": "115",
            "September": "450",
            "Oktober": "1130",
            "November": "1200",
            "Desember": "205",
            "Januari": "15",
            "Februari": "1345",
            "Maret": "300",
            "April": "550",
            "Mei": "1290"
        },
        {
            "No.": "56",
            "Nama": "CK IN TO YOU HIM",
            "Juni": "925",
            "Juli": "300",
            "Agustus": "1425",
            "September": "695",
            "Oktober": "990",
            "November": "230",
            "Desember": "570",
            "Januari": "110",
            "Februari": "935",
            "Maret": "130",
            "April": "420",
            "Mei": "750"
        },
        {
            "No.": "57",
            "Nama": "CHERRY BELLE ",
            "Juni": "1475",
            "Juli": "955",
            "Agustus": "1185",
            "September": "775",
            "Oktober": "625",
            "November": "70",
            "Desember": "535",
            "Januari": "85",
            "Februari": "5",
            "Maret": "580",
            "April": "1385",
            "Mei": "350"
        },
        {
            "No.": "58",
            "Nama": "RED ROSE",
            "Juni": "740",
            "Juli": "360",
            "Agustus": "905",
            "September": "835",
            "Oktober": "1130",
            "November": "1130",
            "Desember": "1260",
            "Januari": "225",
            "Februari": "230",
            "Maret": "990",
            "April": "585",
            "Mei": "1000"
        },
        {
            "No.": "59",
            "Nama": "HYPNOSE SENSE",
            "Juni": "1470",
            "Juli": "90",
            "Agustus": "1155",
            "September": "670",
            "Oktober": "100",
            "November": "1155",
            "Desember": "1325",
            "Januari": "110",
            "Februari": "35",
            "Maret": "990",
            "April": "380",
            "Mei": "610"
        },
        {
            "No.": "60",
            "Nama": "CK ONE RED EDITION HIM ",
            "Juni": "1100",
            "Juli": "560",
            "Agustus": "405",
            "September": "55",
            "Oktober": "1235",
            "November": "1455",
            "Desember": "475",
            "Januari": "1130",
            "Februari": "365",
            "Maret": "1150",
            "April": "880",
            "Mei": "1040"
        },
        {
            "No.": "61",
            "Nama": "HUGO BOSS IN MOTION WHITE",
            "Juni": "925",
            "Juli": "985",
            "Agustus": "545",
            "September": "355",
            "Oktober": "1235",
            "November": "470",
            "Desember": "625",
            "Januari": "700",
            "Februari": "415",
            "Maret": "1065",
            "April": "480",
            "Mei": "480"
        },
        {
            "No.": "62",
            "Nama": "JUSTIN BIEBER KEY",
            "Juni": "350",
            "Juli": "1320",
            "Agustus": "160",
            "September": "455",
            "Oktober": "510",
            "November": "1170",
            "Desember": "1385",
            "Januari": "855",
            "Februari": "870",
            "Maret": "805",
            "April": "920",
            "Mei": "1325"
        },
        {
            "No.": "63",
            "Nama": "BODY SHOP MAN",
            "Juni": "955",
            "Juli": "420",
            "Agustus": "760",
            "September": "975",
            "Oktober": "810",
            "November": "775",
            "Desember": "770",
            "Januari": "1350",
            "Februari": "235",
            "Maret": "575",
            "April": "200",
            "Mei": "245"
        },
        {
            "No.": "64",
            "Nama": "HUGO BOSS ENERGISE",
            "Juni": "650",
            "Juli": "255",
            "Agustus": "1365",
            "September": "260",
            "Oktober": "690",
            "November": "1145",
            "Desember": "1060",
            "Januari": "1230",
            "Februari": "165",
            "Maret": "420",
            "April": "510",
            "Mei": "1195"
        },
        {
            "No.": "65",
            "Nama": "CK ONE SUMMER",
            "Juni": "910",
            "Juli": "1225",
            "Agustus": "215",
            "September": "840",
            "Oktober": "875",
            "November": "560",
            "Desember": "385",
            "Januari": "530",
            "Februari": "460",
            "Maret": "1395",
            "April": "865",
            "Mei": "1265"
        },
        {
            "No.": "66",
            "Nama": "INCANTO FERRAGAMO",
            "Juni": "1165",
            "Juli": "425",
            "Agustus": "905",
            "September": "965",
            "Oktober": "645",
            "November": "275",
            "Desember": "1305",
            "Januari": "1110",
            "Februari": "1295",
            "Maret": "500",
            "April": "1265",
            "Mei": "420"
        },
        {
            "No.": "67",
            "Nama": "LOVE BY CHLOE",
            "Juni": "525",
            "Juli": "315",
            "Agustus": "100",
            "September": "510",
            "Oktober": "445",
            "November": "545",
            "Desember": "490",
            "Januari": "380",
            "Februari": "635",
            "Maret": "165",
            "April": "100",
            "Mei": "1355"
        },
        {
            "No.": "68",
            "Nama": "HERMES LADY",
            "Juni": "590",
            "Juli": "1255",
            "Agustus": "840",
            "September": "250",
            "Oktober": "650",
            "November": "1495",
            "Desember": "935",
            "Januari": "815",
            "Februari": "1320",
            "Maret": "1465",
            "April": "335",
            "Mei": "650"
        },
        {
            "No.": "69",
            "Nama": "LANVIN MARRY ME",
            "Juni": "1465",
            "Juli": "1370",
            "Agustus": "1275",
            "September": "90",
            "Oktober": "810",
            "November": "330",
            "Desember": "1140",
            "Januari": "435",
            "Februari": "1210",
            "Maret": "1155",
            "April": "625",
            "Mei": "475"
        },
        {
            "No.": "70",
            "Nama": "ISSEY MIYAKE HOMME SPORT ",
            "Juni": "55",
            "Juli": "10",
            "Agustus": "1100",
            "September": "295",
            "Oktober": "940",
            "November": "1495",
            "Desember": "985",
            "Januari": "880",
            "Februari": "875",
            "Maret": "745",
            "April": "90",
            "Mei": "165"
        },
        {
            "No.": "71",
            "Nama": "SPALDING",
            "Juni": "1210",
            "Juli": "1150",
            "Agustus": "800",
            "September": "295",
            "Oktober": "1485",
            "November": "105",
            "Desember": "325",
            "Januari": "695",
            "Februari": "335",
            "Maret": "1305",
            "April": "330",
            "Mei": "720"
        },
        {
            "No.": "72",
            "Nama": "BURBERRY SPORT ICE",
            "Juni": "700",
            "Juli": "460",
            "Agustus": "620",
            "September": "620",
            "Oktober": "300",
            "November": "805",
            "Desember": "610",
            "Januari": "1480",
            "Februari": "755",
            "Maret": "615",
            "April": "770",
            "Mei": "720"
        },
        {
            "No.": "73",
            "Nama": "DKNY BE DELICIOUS NIGHT",
            "Juni": "495",
            "Juli": "390",
            "Agustus": "640",
            "September": "1430",
            "Oktober": "160",
            "November": "1185",
            "Desember": "1005",
            "Januari": "1485",
            "Februari": "920",
            "Maret": "665",
            "April": "555",
            "Mei": "745"
        },
        {
            "No.": "74",
            "Nama": "CHANEL CHANCE TENDER",
            "Juni": "880",
            "Juli": "90",
            "Agustus": "805",
            "September": "90",
            "Oktober": "640",
            "November": "180",
            "Desember": "430",
            "Januari": "720",
            "Februari": "755",
            "Maret": "895",
            "April": "745",
            "Mei": "1035"
        },
        {
            "No.": "75",
            "Nama": "MISIK HITAM",
            "Juni": "340",
            "Juli": "980",
            "Agustus": "210",
            "September": "565",
            "Oktober": "1205",
            "November": "245",
            "Desember": "930",
            "Januari": "165",
            "Februari": "320",
            "Maret": "355",
            "April": "615",
            "Mei": "1355"
        },
        {
            "No.": "76",
            "Nama": "ASEEL",
            "Juni": "1490",
            "Juli": "385",
            "Agustus": "735",
            "September": "230",
            "Oktober": "395",
            "November": "325",
            "Desember": "1105",
            "Januari": "650",
            "Februari": "790",
            "Maret": "1070",
            "April": "150",
            "Mei": "80"
        },
        {
            "No.": "77",
            "Nama": "GIORGIO ARMANI CODE ICE ",
            "Juni": "1115",
            "Juli": "1375",
            "Agustus": "115",
            "September": "1145",
            "Oktober": "630",
            "November": "745",
            "Desember": "1380",
            "Januari": "1085",
            "Februari": "870",
            "Maret": "1150",
            "April": "460",
            "Mei": "1105"
        },
        {
            "No.": "78",
            "Nama": "CK ONE SUMMER 2014 ",
            "Juni": "1115",
            "Juli": "1275",
            "Agustus": "980",
            "September": "90",
            "Oktober": "1010",
            "November": "1160",
            "Desember": "860",
            "Januari": "375",
            "Februari": "655",
            "Maret": "1340",
            "April": "1400",
            "Mei": "145"
        },
        {
            "No.": "79",
            "Nama": "KENZO LEOPARD MAN",
            "Juni": "660",
            "Juli": "655",
            "Agustus": "1320",
            "September": "1060",
            "Oktober": "920",
            "November": "1325",
            "Desember": "1410",
            "Januari": "450",
            "Februari": "980",
            "Maret": "340",
            "April": "1060",
            "Mei": "1490"
        },
        {
            "No.": "80",
            "Nama": "KENZO INDIGO",
            "Juni": "1495",
            "Juli": "690",
            "Agustus": "950",
            "September": "1105",
            "Oktober": "1190",
            "November": "1300",
            "Desember": "80",
            "Januari": "955",
            "Februari": "195",
            "Maret": "1380",
            "April": "810",
            "Mei": "710"
        },
        {
            "No.": "81",
            "Nama": "JESSICA PARKER",
            "Juni": "870",
            "Juli": "335",
            "Agustus": "445",
            "September": "1450",
            "Oktober": "980",
            "November": "620",
            "Desember": "295",
            "Januari": "670",
            "Februari": "150",
            "Maret": "1020",
            "April": "30",
            "Mei": "1465"
        },
        {
            "No.": "82",
            "Nama": "VERA WANG PRINCESS",
            "Juni": "1220",
            "Juli": "660",
            "Agustus": "280",
            "September": "1180",
            "Oktober": "1115",
            "November": "420",
            "Desember": "720",
            "Januari": "95",
            "Februari": "1285",
            "Maret": "1145",
            "April": "370",
            "Mei": "1500"
        },
        {
            "No.": "83",
            "Nama": "VALENTINO ROSSI",
            "Juni": "375",
            "Juli": "620",
            "Agustus": "1305",
            "September": "955",
            "Oktober": "715",
            "November": "1255",
            "Desember": "1210",
            "Januari": "95",
            "Februari": "1275",
            "Maret": "100",
            "April": "280",
            "Mei": "340"
        },
        {
            "No.": "84",
            "Nama": "BCL BUNGA CITRA LESTARI",
            "Juni": "1255",
            "Juli": "1235",
            "Agustus": "1150",
            "September": "370",
            "Oktober": "355",
            "November": "395",
            "Desember": "1075",
            "Januari": "235",
            "Februari": "15",
            "Maret": "1420",
            "April": "1040",
            "Mei": "665"
        },
        {
            "No.": "85",
            "Nama": "BARCELONA",
            "Juni": "780",
            "Juli": "335",
            "Agustus": "425",
            "September": "620",
            "Oktober": "1440",
            "November": "150",
            "Desember": "1275",
            "Januari": "1110",
            "Februari": "1025",
            "Maret": "1045",
            "April": "385",
            "Mei": "1075"
        },
        {
            "No.": "86",
            "Nama": "ETERNITY NOW FOR BY CK ",
            "Juni": "1465",
            "Juli": "45",
            "Agustus": "860",
            "September": "510",
            "Oktober": "1310",
            "November": "460",
            "Desember": "245",
            "Januari": "855",
            "Februari": "1375",
            "Maret": "150",
            "April": "345",
            "Mei": "145"
        },
        {
            "No.": "87",
            "Nama": "CHANEL COCO NOIR",
            "Juni": "180",
            "Juli": "1065",
            "Agustus": "240",
            "September": "685",
            "Oktober": "1345",
            "November": "935",
            "Desember": "380",
            "Januari": "790",
            "Februari": "320",
            "Maret": "1130",
            "April": "1340",
            "Mei": "690"
        },
        {
            "No.": "88",
            "Nama": "BURBERRY BRIT GOLD",
            "Juni": "1480",
            "Juli": "1470",
            "Agustus": "230",
            "September": "205",
            "Oktober": "485",
            "November": "1040",
            "Desember": "1320",
            "Januari": "885",
            "Februari": "260",
            "Maret": "25",
            "April": "1330",
            "Mei": "285"
        },
        {
            "No.": "89",
            "Nama": "CARTIER ROOSTER",
            "Juni": "925",
            "Juli": "1010",
            "Agustus": "480",
            "September": "380",
            "Oktober": "1200",
            "November": "575",
            "Desember": "540",
            "Januari": "290",
            "Februari": "260",
            "Maret": "1010",
            "April": "1445",
            "Mei": "405"
        },
        {
            "No.": "90",
            "Nama": "MUKHALLAT REIS",
            "Juni": "1485",
            "Juli": "1460",
            "Agustus": "1390",
            "September": "500",
            "Oktober": "1060",
            "November": "620",
            "Desember": "1150",
            "Januari": "175",
            "Februari": "565",
            "Maret": "1345",
            "April": "1300",
            "Mei": "220"
        },
        {
            "No.": "91",
            "Nama": "LIONEL MESSI",
            "Juni": "920",
            "Juli": "510",
            "Agustus": "40",
            "September": "160",
            "Oktober": "530",
            "November": "15",
            "Desember": "1010",
            "Januari": "300",
            "Februari": "1405",
            "Maret": "725",
            "April": "660",
            "Mei": "995"
        },
        {
            "No.": "92",
            "Nama": "MAHER ZAIN",
            "Juni": "570",
            "Juli": "115",
            "Agustus": "1070",
            "September": "1265",
            "Oktober": "760",
            "November": "315",
            "Desember": "230",
            "Januari": "705",
            "Februari": "1165",
            "Maret": "1185",
            "April": "0",
            "Mei": "1165"
        },
        {
            "No.": "93",
            "Nama": "MONT BLANC LEGEND ",
            "Juni": "1120",
            "Juli": "1105",
            "Agustus": "325",
            "September": "15",
            "Oktober": "1020",
            "November": "485",
            "Desember": "1470",
            "Januari": "1270",
            "Februari": "785",
            "Maret": "315",
            "April": "1155",
            "Mei": "1265"
        },
        {
            "No.": "94",
            "Nama": "BULGARI BLV MAN",
            "Juni": "780",
            "Juli": "650",
            "Agustus": "85",
            "September": "1490",
            "Oktober": "1050",
            "November": "490",
            "Desember": "150",
            "Januari": "930",
            "Februari": "975",
            "Maret": "1025",
            "April": "445",
            "Mei": "545"
        },
        {
            "No.": "95",
            "Nama": "ETERNITY LOVE",
            "Juni": "550",
            "Juli": "430",
            "Agustus": "380",
            "September": "1380",
            "Oktober": "355",
            "November": "10",
            "Desember": "175",
            "Januari": "1050",
            "Februari": "235",
            "Maret": "165",
            "April": "375",
            "Mei": "1295"
        },
        {
            "No.": "96",
            "Nama": "BULGARI AQUA MARINE",
            "Juni": "915",
            "Juli": "650",
            "Agustus": "780",
            "September": "715",
            "Oktober": "300",
            "November": "1490",
            "Desember": "1025",
            "Januari": "1455",
            "Februari": "195",
            "Maret": "960",
            "April": "850",
            "Mei": "1245"
        },
        {
            "No.": "97",
            "Nama": "AMOR AMOR CACHAREL SCARLETT",
            "Juni": "200",
            "Juli": "85",
            "Agustus": "390",
            "September": "950",
            "Oktober": "1200",
            "November": "1055",
            "Desember": "375",
            "Januari": "1465",
            "Februari": "930",
            "Maret": "885",
            "April": "1340",
            "Mei": "325"
        },
        {
            "No.": "98",
            "Nama": "CK IN TO YOU HIM",
            "Juni": "395",
            "Juli": "1075",
            "Agustus": "290",
            "September": "1375",
            "Oktober": "110",
            "November": "1485",
            "Desember": "1265",
            "Januari": "50",
            "Februari": "40",
            "Maret": "1385",
            "April": "155",
            "Mei": "580"
        },
        {
            "No.": "99",
            "Nama": "GUESS SEDUCTIVE WILD SUMMER",
            "Juni": "920",
            "Juli": "100",
            "Agustus": "1050",
            "September": "1220",
            "Oktober": "1175",
            "November": "1200",
            "Desember": "910",
            "Januari": "1270",
            "Februari": "725",
            "Maret": "930",
            "April": "55",
            "Mei": "1400"
        },
        {
            "No.": "100",
            "Nama": "SEAN JOHN I AM KING ",
            "Juni": "195",
            "Juli": "290",
            "Agustus": "15",
            "September": "1340",
            "Oktober": "1475",
            "November": "835",
            "Desember": "480",
            "Januari": "970",
            "Februari": "80",
            "Maret": "280",
            "April": "1230",
            "Mei": "170"
        }
    ]
, "Prediksi": [
        {
            "No": "1",
            "Nama": "VICTORIA SECRET LOVE",
            "Juni": "123",
            "Juli": "642",
            "Agustus": "874",
            "September": "1298",
            "Oktober": "1372",
            "November": "1357",
            "Desember": "1009",
            "Januari": "816",
            "Februari": "446",
            "Maret": "72",
            "April": "336",
            "Mei": "803"
        },
        {
            "No": "2",
            "Nama": "JAGUAR CLASIC",
            "Juni": "670",
            "Juli": "580",
            "Agustus": "530",
            "September": "1255",
            "Oktober": "1331",
            "November": "1200",
            "Desember": "642",
            "Januari": "658",
            "Februari": "1164",
            "Maret": "1093",
            "April": "474",
            "Mei": "1123"
        },
        {
            "No": "3",
            "Nama": "PLAYBOY SEXY",
            "Juni": "1122",
            "Juli": "229",
            "Agustus": "774",
            "September": "869",
            "Oktober": "649",
            "November": "1041",
            "Desember": "1283",
            "Januari": "394",
            "Februari": "530",
            "Maret": "98",
            "April": "100",
            "Mei": "14"
        },
        {
            "No": "4",
            "Nama": "VICTORIA SECRET PINK SURF",
            "Juni": "899",
            "Juli": "544",
            "Agustus": "1301",
            "September": "972",
            "Oktober": "187",
            "November": "442",
            "Desember": "292",
            "Januari": "286",
            "Februari": "1100",
            "Maret": "911",
            "April": "910",
            "Mei": "1275"
        },
        {
            "No": "5",
            "Nama": "BENETTON COOL",
            "Juni": "471",
            "Juli": "1078",
            "Agustus": "1017",
            "September": "192",
            "Oktober": "1072",
            "November": "242",
            "Desember": "501",
            "Januari": "599",
            "Februari": "420",
            "Maret": "573",
            "April": "449",
            "Mei": "531"
        },
        {
            "No": "6",
            "Nama": "AZZARO TWIN MAN",
            "Juni": "236",
            "Juli": "1050",
            "Agustus": "415",
            "September": "1108",
            "Oktober": "205",
            "November": "318",
            "Desember": "1310",
            "Januari": "428",
            "Februari": "884",
            "Maret": "349",
            "April": "318",
            "Mei": "986"
        },
        {
            "No": "7",
            "Nama": "COKLAT CAPPUCINO",
            "Juni": "654",
            "Juli": "1375",
            "Agustus": "340",
            "September": "988",
            "Oktober": "882",
            "November": "480",
            "Desember": "1195",
            "Januari": "444",
            "Februari": "1106",
            "Maret": "462",
            "April": "640",
            "Mei": "411"
        },
        {
            "No": "8",
            "Nama": "TAYLOR SWIFT",
            "Juni": "1404",
            "Juli": "1450",
            "Agustus": "1265",
            "September": "1387",
            "Oktober": "850",
            "November": "593",
            "Desember": "550",
            "Januari": "487",
            "Februari": "620",
            "Maret": "94",
            "April": "1103",
            "Mei": "556"
        },
        {
            "No": "9",
            "Nama": "AIGNER BLUE ( KEVA )",
            "Juni": "1156",
            "Juli": "750",
            "Agustus": "845",
            "September": "1358",
            "Oktober": "1301",
            "November": "598",
            "Desember": "879",
            "Januari": "1366",
            "Februari": "677",
            "Maret": "450",
            "April": "864",
            "Mei": "1157"
        },
        {
            "No": "10",
            "Nama": "ISSEY MIYAKE HOMME SPORT ",
            "Juni": "199",
            "Juli": "78",
            "Agustus": "678",
            "September": "644",
            "Oktober": "676",
            "November": "396",
            "Desember": "490",
            "Januari": "638",
            "Februari": "707",
            "Maret": "1295",
            "April": "467",
            "Mei": "461"
        },
        {
            "No": "11",
            "Nama": "BEYOND PARADISE",
            "Juni": "1031",
            "Juli": "1237",
            "Agustus": "1370",
            "September": "1285",
            "Oktober": "628",
            "November": "283",
            "Desember": "1113",
            "Januari": "660",
            "Februari": "107",
            "Maret": "443",
            "April": "697",
            "Mei": "776"
        },
        {
            "No": "12",
            "Nama": "DAVIDOFF GAME LADY",
            "Juni": "1072",
            "Juli": "692",
            "Agustus": "1217",
            "September": "320",
            "Oktober": "473",
            "November": "115",
            "Desember": "1199",
            "Januari": "1168",
            "Februari": "1278",
            "Maret": "524",
            "April": "988",
            "Mei": "1417"
        },
        {
            "No": "13",
            "Nama": "DKNY GOLDEN DELICIOUS",
            "Juni": "1015",
            "Juli": "1118",
            "Agustus": "796",
            "September": "1362",
            "Oktober": "1414",
            "November": "1392",
            "Desember": "477",
            "Januari": "849",
            "Februari": "1147",
            "Maret": "484",
            "April": "1038",
            "Mei": "1418"
        },
        {
            "No": "14",
            "Nama": "JESSICA SIMPSON BLOOM",
            "Juni": "283",
            "Juli": "1072",
            "Agustus": "1381",
            "September": "1241",
            "Oktober": "399",
            "November": "913",
            "Desember": "577",
            "Januari": "319",
            "Februari": "284",
            "Maret": "384",
            "April": "304",
            "Mei": "1326"
        },
        {
            "No": "15",
            "Nama": "COACH POPPY",
            "Juni": "457",
            "Juli": "428",
            "Agustus": "1325",
            "September": "371",
            "Oktober": "348",
            "November": "1043",
            "Desember": "262",
            "Januari": "463",
            "Februari": "780",
            "Maret": "1428",
            "April": "1097",
            "Mei": "699"
        },
        {
            "No": "16",
            "Nama": "STILL DONNA",
            "Juni": "847",
            "Juli": "1147",
            "Agustus": "587",
            "September": "936",
            "Oktober": "1403",
            "November": "568",
            "Desember": "282",
            "Januari": "568",
            "Februari": "597",
            "Maret": "438",
            "April": "701",
            "Mei": "210"
        },
        {
            "No": "17",
            "Nama": "ANGEL MAN",
            "Juni": "612",
            "Juli": "1312",
            "Agustus": "653",
            "September": "1073",
            "Oktober": "913",
            "November": "1279",
            "Desember": "1433",
            "Januari": "1345",
            "Februari": "404",
            "Maret": "1048",
            "April": "1297",
            "Mei": "1061"
        },
        {
            "No": "18",
            "Nama": "BURBERRY MAN",
            "Juni": "544",
            "Juli": "1301",
            "Agustus": "1066",
            "September": "440",
            "Oktober": "354",
            "November": "1066",
            "Desember": "1263",
            "Januari": "387",
            "Februari": "1209",
            "Maret": "1358",
            "April": "788",
            "Mei": "1109"
        },
        {
            "No": "19",
            "Nama": "JLO PLATINUM",
            "Juni": "1290",
            "Juli": "975",
            "Agustus": "921",
            "September": "425",
            "Oktober": "1361",
            "November": "1446",
            "Desember": "451",
            "Januari": "900",
            "Februari": "1382",
            "Maret": "678",
            "April": "311",
            "Mei": "913"
        },
        {
            "No": "20",
            "Nama": "TOMMY T WOMEN",
            "Juni": "974",
            "Juli": "358",
            "Agustus": "1260",
            "September": "1327",
            "Oktober": "479",
            "November": "430",
            "Desember": "1168",
            "Januari": "1129",
            "Februari": "869",
            "Maret": "1311",
            "April": "1184",
            "Mei": "1072"
        },
        {
            "No": "21",
            "Nama": "VICTORIA SECRET NIGHT ",
            "Juni": "1110",
            "Juli": "525",
            "Agustus": "318",
            "September": "212",
            "Oktober": "1308",
            "November": "981",
            "Desember": "1133",
            "Januari": "388",
            "Februari": "565",
            "Maret": "403",
            "April": "135",
            "Mei": "846"
        },
        {
            "No": "22",
            "Nama": "TOMMY JEANS",
            "Juni": "1222",
            "Juli": "928",
            "Agustus": "1042",
            "September": "1076",
            "Oktober": "1089",
            "November": "482",
            "Desember": "84",
            "Januari": "922",
            "Februari": "1321",
            "Maret": "1446",
            "April": "653",
            "Mei": "268"
        },
        {
            "No": "23",
            "Nama": "BE ENCHANTED",
            "Juni": "736",
            "Juli": "1118",
            "Agustus": "485",
            "September": "913",
            "Oktober": "1005",
            "November": "703",
            "Desember": "601",
            "Januari": "1370",
            "Februari": "1082",
            "Maret": "495",
            "April": "189",
            "Mei": "577"
        },
        {
            "No": "24",
            "Nama": "KATY PERRY KILLER QUEEN",
            "Juni": "567",
            "Juli": "1263",
            "Agustus": "194",
            "September": "456",
            "Oktober": "608",
            "November": "785",
            "Desember": "1109",
            "Januari": "237",
            "Februari": "91",
            "Maret": "252",
            "April": "439",
            "Mei": "863"
        },
        {
            "No": "25",
            "Nama": "MONT BLANC INDIVIDUEL",
            "Juni": "352",
            "Juli": "904",
            "Agustus": "275",
            "September": "356",
            "Oktober": "40",
            "November": "693",
            "Desember": "1068",
            "Januari": "917",
            "Februari": "834",
            "Maret": "443",
            "April": "116",
            "Mei": "1218"
        },
        {
            "No": "26",
            "Nama": "BULGARI JASMIN NOIR",
            "Juni": "842",
            "Juli": "354",
            "Agustus": "899",
            "September": "1408",
            "Oktober": "753",
            "November": "489",
            "Desember": "107",
            "Januari": "1163",
            "Februari": "737",
            "Maret": "420",
            "April": "609",
            "Mei": "925"
        },
        {
            "No": "27",
            "Nama": "HUGO BOSS THE SCENT ",
            "Juni": "682",
            "Juli": "1085",
            "Agustus": "959",
            "September": "1333",
            "Oktober": "1056",
            "November": "997",
            "Desember": "1126",
            "Januari": "342",
            "Februari": "1339",
            "Maret": "1398",
            "April": "1467",
            "Mei": "979"
        },
        {
            "No": "28",
            "Nama": "HUGO BOSS FEMME",
            "Juni": "1022",
            "Juli": "822",
            "Agustus": "109",
            "September": "1046",
            "Oktober": "1113",
            "November": "804",
            "Desember": "341",
            "Januari": "1191",
            "Februari": "164",
            "Maret": "97",
            "April": "847",
            "Mei": "724"
        },
        {
            "No": "29",
            "Nama": "MOSCHINO FRESH",
            "Juni": "390",
            "Juli": "106",
            "Agustus": "636",
            "September": "914",
            "Oktober": "1248",
            "November": "1182",
            "Desember": "1266",
            "Januari": "131",
            "Februari": "252",
            "Maret": "214",
            "April": "926",
            "Mei": "1407"
        },
        {
            "No": "30",
            "Nama": "DAVIDOFF CHAMPION",
            "Juni": "1126",
            "Juli": "1269",
            "Agustus": "658",
            "September": "1326",
            "Oktober": "632",
            "November": "122",
            "Desember": "858",
            "Januari": "126",
            "Februari": "625",
            "Maret": "980",
            "April": "134",
            "Mei": "306"
        },
        {
            "No": "31",
            "Nama": "1 MILLION",
            "Juni": "767",
            "Juli": "1422",
            "Agustus": "462",
            "September": "874",
            "Oktober": "744",
            "November": "1082",
            "Desember": "158",
            "Januari": "1361",
            "Februari": "888",
            "Maret": "530",
            "April": "570",
            "Mei": "1371"
        },
        {
            "No": "32",
            "Nama": "D & G VELVET VETIVER",
            "Juni": "1070",
            "Juli": "1183",
            "Agustus": "721",
            "September": "1211",
            "Oktober": "193",
            "November": "870",
            "Desember": "487",
            "Januari": "638",
            "Februari": "1288",
            "Maret": "1029",
            "April": "481",
            "Mei": "233"
        },
        {
            "No": "33",
            "Nama": "KENZO BALI ",
            "Juni": "360",
            "Juli": "661",
            "Agustus": "1169",
            "September": "1264",
            "Oktober": "176",
            "November": "288",
            "Desember": "123",
            "Januari": "597",
            "Februari": "523",
            "Maret": "948",
            "April": "1292",
            "Mei": "723"
        },
        {
            "No": "34",
            "Nama": "HERMES D�JOUR",
            "Juni": "1346",
            "Juli": "931",
            "Agustus": "1335",
            "September": "669",
            "Oktober": "346",
            "November": "1052",
            "Desember": "857",
            "Januari": "1305",
            "Februari": "414",
            "Maret": "1328",
            "April": "317",
            "Mei": "1341"
        },
        {
            "No": "35",
            "Nama": "VIA BOMBSHELL",
            "Juni": "900",
            "Juli": "419",
            "Agustus": "1009",
            "September": "942",
            "Oktober": "729",
            "November": "707",
            "Desember": "359",
            "Januari": "162",
            "Februari": "210",
            "Maret": "219",
            "April": "211",
            "Mei": "372"
        },
        {
            "No": "36",
            "Nama": "KATY PERRY QUEEN",
            "Juni": "873",
            "Juli": "1190",
            "Agustus": "348",
            "September": "386",
            "Oktober": "165",
            "November": "1015",
            "Desember": "835",
            "Januari": "1204",
            "Februari": "1254",
            "Maret": "1138",
            "April": "667",
            "Mei": "418"
        },
        {
            "No": "37",
            "Nama": "PIERRE CARDIN",
            "Juni": "1016",
            "Juli": "682",
            "Agustus": "1157",
            "September": "462",
            "Oktober": "1266",
            "November": "1247",
            "Desember": "197",
            "Januari": "1163",
            "Februari": "661",
            "Maret": "1034",
            "April": "598",
            "Mei": "1221"
        },
        {
            "No": "38",
            "Nama": "D & G LA 3 BROTHER ",
            "Juni": "781",
            "Juli": "992",
            "Agustus": "288",
            "September": "1370",
            "Oktober": "447",
            "November": "868",
            "Desember": "969",
            "Januari": "434",
            "Februari": "1141",
            "Maret": "1388",
            "April": "895",
            "Mei": "521"
        },
        {
            "No": "39",
            "Nama": "AROOSAH",
            "Juni": "648",
            "Juli": "1176",
            "Agustus": "217",
            "September": "634",
            "Oktober": "117",
            "November": "1177",
            "Desember": "1126",
            "Januari": "243",
            "Februari": "1154",
            "Maret": "1128",
            "April": "675",
            "Mei": "1373"
        },
        {
            "No": "40",
            "Nama": "STILL DONNA",
            "Juni": "828",
            "Juli": "186",
            "Agustus": "1103",
            "September": "502",
            "Oktober": "617",
            "November": "1407",
            "Desember": "1167",
            "Januari": "922",
            "Februari": "232",
            "Maret": "406",
            "April": "707",
            "Mei": "165"
        },
        {
            "No": "41",
            "Nama": "CK ELECTRIC",
            "Juni": "1244",
            "Juli": "439",
            "Agustus": "354",
            "September": "440",
            "Oktober": "953",
            "November": "1148",
            "Desember": "1195",
            "Januari": "475",
            "Februari": "416",
            "Maret": "1126",
            "April": "1121",
            "Mei": "670"
        },
        {
            "No": "42",
            "Nama": "DUNHILL MAN",
            "Juni": "1112",
            "Juli": "1142",
            "Agustus": "1194",
            "September": "583",
            "Oktober": "364",
            "November": "383",
            "Desember": "808",
            "Januari": "913",
            "Februari": "1329",
            "Maret": "533",
            "April": "1241",
            "Mei": "1078"
        },
        {
            "No": "43",
            "Nama": "CHANEL COCO NOIR",
            "Juni": "971",
            "Juli": "961",
            "Agustus": "996",
            "September": "1099",
            "Oktober": "1347",
            "November": "535",
            "Desember": "1399",
            "Januari": "239",
            "Februari": "825",
            "Maret": "654",
            "April": "758",
            "Mei": "418"
        },
        {
            "No": "44",
            "Nama": "MEN BRUT",
            "Juni": "726",
            "Juli": "446",
            "Agustus": "157",
            "September": "452",
            "Oktober": "891",
            "November": "886",
            "Desember": "800",
            "Januari": "228",
            "Februari": "882",
            "Maret": "1087",
            "April": "1445",
            "Mei": "401"
        },
        {
            "No": "45",
            "Nama": "VICTORIA DREAM ANGEL",
            "Juni": "1261",
            "Juli": "1179",
            "Agustus": "658",
            "September": "813",
            "Oktober": "675",
            "November": "1058",
            "Desember": "236",
            "Januari": "150",
            "Februari": "1275",
            "Maret": "199",
            "April": "231",
            "Mei": "347"
        },
        {
            "No": "46",
            "Nama": "ESCADA PASIFIC PARADISE",
            "Juni": "781",
            "Juli": "1077",
            "Agustus": "607",
            "September": "1271",
            "Oktober": "1149",
            "November": "182",
            "Desember": "1359",
            "Januari": "325",
            "Februari": "1324",
            "Maret": "1230",
            "April": "479",
            "Mei": "939"
        },
        {
            "No": "47",
            "Nama": "CERRUTI 1881",
            "Juni": "1239",
            "Juli": "817",
            "Agustus": "379",
            "September": "1122",
            "Oktober": "841",
            "November": "993",
            "Desember": "365",
            "Januari": "1139",
            "Februari": "1302",
            "Maret": "1012",
            "April": "1258",
            "Mei": "328"
        },
        {
            "No": "48",
            "Nama": "ANNA SUI FLIGHT",
            "Juni": "528",
            "Juli": "323",
            "Agustus": "905",
            "September": "1009",
            "Oktober": "195",
            "November": "672",
            "Desember": "265",
            "Januari": "742",
            "Februari": "421",
            "Maret": "726",
            "April": "914",
            "Mei": "528"
        },
        {
            "No": "49",
            "Nama": "FANDY FENDY",
            "Juni": "400",
            "Juli": "274",
            "Agustus": "1112",
            "September": "512",
            "Oktober": "947",
            "November": "1386",
            "Desember": "1372",
            "Januari": "524",
            "Februari": "1029",
            "Maret": "688",
            "April": "186",
            "Mei": "829"
        },
        {
            "No": "50",
            "Nama": "FOREVER RED BBW ",
            "Juni": "545",
            "Juli": "365",
            "Agustus": "63",
            "September": "159",
            "Oktober": "1226",
            "November": "1063",
            "Desember": "1128",
            "Januari": "392",
            "Februari": "1056",
            "Maret": "889",
            "April": "651",
            "Mei": "295"
        },
        {
            "No": "51",
            "Nama": "COCORICO BY NIGHT",
            "Juni": "984",
            "Juli": "391",
            "Agustus": "296",
            "September": "174",
            "Oktober": "562",
            "November": "655",
            "Desember": "1298",
            "Januari": "188",
            "Februari": "869",
            "Maret": "978",
            "April": "350",
            "Mei": "894"
        },
        {
            "No": "52",
            "Nama": "ESCADA MAGNETISM LADY",
            "Juni": "1239",
            "Juli": "1379",
            "Agustus": "381",
            "September": "241",
            "Oktober": "704",
            "November": "1006",
            "Desember": "929",
            "Januari": "1416",
            "Februari": "1024",
            "Maret": "1083",
            "April": "864",
            "Mei": "1153"
        },
        {
            "No": "53",
            "Nama": "BANANA REPUBLIC",
            "Juni": "1291",
            "Juli": "1322",
            "Agustus": "1167",
            "September": "1287",
            "Oktober": "1060",
            "November": "880",
            "Desember": "340",
            "Januari": "516",
            "Februari": "106",
            "Maret": "821",
            "April": "1122",
            "Mei": "913"
        },
        {
            "No": "54",
            "Nama": "BURBERRY BRIT LADY",
            "Juni": "99",
            "Juli": "1031",
            "Agustus": "1201",
            "September": "804",
            "Oktober": "152",
            "November": "267",
            "Desember": "153",
            "Januari": "353",
            "Februari": "571",
            "Maret": "1322",
            "April": "515",
            "Mei": "600"
        },
        {
            "No": "55",
            "Nama": "BULGARI AU THE ROUGH",
            "Juni": "1175",
            "Juli": "1351",
            "Agustus": "549",
            "September": "158",
            "Oktober": "421",
            "November": "1059",
            "Desember": "1186",
            "Januari": "303",
            "Februari": "44",
            "Maret": "1215",
            "April": "391",
            "Mei": "534"
        },
        {
            "No": "56",
            "Nama": "CK IN TO YOU HIM",
            "Juni": "723",
            "Juli": "905",
            "Agustus": "360",
            "September": "1319",
            "Oktober": "757",
            "November": "967",
            "Desember": "304",
            "Januari": "543",
            "Februari": "153",
            "Maret": "857",
            "April": "203",
            "Mei": "398"
        },
        {
            "No": "57",
            "Nama": "CHERRY BELLE ",
            "Juni": "519",
            "Juli": "1379",
            "Agustus": "997",
            "September": "1166",
            "Oktober": "814",
            "November": "644",
            "Desember": "127",
            "Januari": "494",
            "Februari": "126",
            "Maret": "17",
            "April": "524",
            "Mei": "1299"
        },
        {
            "No": "58",
            "Nama": "RED ROSE",
            "Juni": "416",
            "Juli": "708",
            "Agustus": "395",
            "September": "854",
            "Oktober": "837",
            "November": "1101",
            "Desember": "1127",
            "Januari": "1247",
            "Februari": "327",
            "Maret": "240",
            "April": "915",
            "Mei": "618"
        },
        {
            "No": "59",
            "Nama": "HYPNOSE SENSE",
            "Juni": "1277",
            "Juli": "1451",
            "Agustus": "226",
            "September": "1062",
            "Oktober": "709",
            "November": "161",
            "Desember": "1056",
            "Januari": "1298",
            "Februari": "229",
            "Maret": "54",
            "April": "896",
            "Mei": "432"
        },
        {
            "No": "60",
            "Nama": "CK ONE RED EDITION HIM ",
            "Juni": "376",
            "Juli": "1028",
            "Agustus": "607",
            "September": "425",
            "Oktober": "92",
            "November": "1121",
            "Desember": "1422",
            "Januari": "570",
            "Februari": "1074",
            "Maret": "436",
            "April": "1079",
            "Mei": "900"
        },
        {
            "No": "61",
            "Nama": "HUGO BOSS IN MOTION WHITE",
            "Juni": "259",
            "Juli": "858",
            "Agustus": "972",
            "September": "588",
            "Oktober": "378",
            "November": "1149",
            "Desember": "538",
            "Januari": "616",
            "Februari": "692",
            "Maret": "443",
            "April": "1003",
            "Mei": "532"
        },
        {
            "No": "62",
            "Nama": "JUSTIN BIEBER KEY",
            "Juni": "814",
            "Juli": "396",
            "Agustus": "1228",
            "September": "267",
            "Oktober": "436",
            "November": "503",
            "Desember": "1103",
            "Januari": "1357",
            "Februari": "905",
            "Maret": "874",
            "April": "812",
            "Mei": "909"
        },
        {
            "No": "63",
            "Nama": "BODY SHOP MAN",
            "Juni": "218",
            "Juli": "881",
            "Agustus": "466",
            "September": "731",
            "Oktober": "951",
            "November": "824",
            "Desember": "780",
            "Januari": "771",
            "Februari": "1292",
            "Maret": "341",
            "April": "552",
            "Mei": "235"
        },
        {
            "No": "64",
            "Nama": "HUGO BOSS ENERGISE",
            "Juni": "640",
            "Juli": "649",
            "Agustus": "294",
            "September": "1258",
            "Oktober": "360",
            "November": "657",
            "Desember": "1096",
            "Januari": "1064",
            "Februari": "1213",
            "Maret": "270",
            "April": "405",
            "Mei": "499"
        },
        {
            "No": "65",
            "Nama": "CK ONE SUMMER",
            "Juni": "939",
            "Juli": "913",
            "Agustus": "1194",
            "September": "313",
            "Oktober": "787",
            "November": "866",
            "Desember": "591",
            "Januari": "406",
            "Februari": "518",
            "Maret": "466",
            "April": "1302",
            "Mei": "909"
        },
        {
            "No": "66",
            "Nama": "INCANTO FERRAGAMO",
            "Juni": "1180",
            "Juli": "1166",
            "Agustus": "499",
            "September": "864",
            "Oktober": "955",
            "November": "676",
            "Desember": "315",
            "Januari": "1206",
            "Februari": "1120",
            "Maret": "1277",
            "April": "578",
            "Mei": "1196"
        },
        {
            "No": "67",
            "Nama": "LOVE BY CHLOE",
            "Juni": "332",
            "Juli": "506",
            "Agustus": "334",
            "September": "123",
            "Oktober": "471",
            "November": "448",
            "Desember": "535",
            "Januari": "495",
            "Februari": "391",
            "Maret": "611",
            "April": "210",
            "Mei": "111"
        },
        {
            "No": "68",
            "Nama": "HERMES LADY",
            "Juni": "1137",
            "Juli": "645",
            "Agustus": "1194",
            "September": "875",
            "Oktober": "313",
            "November": "616",
            "Desember": "1407",
            "Januari": "982",
            "Februari": "832",
            "Maret": "1271",
            "April": "1446",
            "Mei": "446"
        },
        {
            "No": "69",
            "Nama": "LANVIN MARRY ME",
            "Juni": "674",
            "Juli": "1386",
            "Agustus": "1372",
            "September": "1285",
            "Oktober": "209",
            "November": "750",
            "Desember": "372",
            "Januari": "1063",
            "Februari": "498",
            "Maret": "1139",
            "April": "1153",
            "Mei": "678"
        },
        {
            "No": "70",
            "Nama": "ISSEY MIYAKE HOMME SPORT ",
            "Juni": "872",
            "Juli": "137",
            "Agustus": "23",
            "September": "992",
            "Oktober": "365",
            "November": "882",
            "Desember": "1434",
            "Januari": "1030",
            "Februari": "895",
            "Maret": "877",
            "April": "758",
            "Mei": "157"
        },
        {
            "No": "71",
            "Nama": "SPALDING",
            "Juni": "1083",
            "Juli": "1197",
            "Agustus": "1155",
            "September": "835",
            "Oktober": "349",
            "November": "1371",
            "Desember": "232",
            "Januari": "316",
            "Februari": "657",
            "Maret": "367",
            "April": "1211",
            "Mei": "418"
        },
        {
            "No": "72",
            "Nama": "BURBERRY SPORT ICE",
            "Juni": "1211",
            "Juli": "751",
            "Agustus": "489",
            "September": "607",
            "Oktober": "619",
            "November": "332",
            "Desember": "758",
            "Januari": "625",
            "Februari": "1394",
            "Maret": "819",
            "April": "635",
            "Mei": "757"
        },
        {
            "No": "73",
            "Nama": "DKNY BE DELICIOUS NIGHT",
            "Juni": "298",
            "Juli": "475",
            "Agustus": "399",
            "September": "616",
            "Oktober": "1349",
            "November": "279",
            "Desember": "1094",
            "Januari": "1014",
            "Februari": "1438",
            "Maret": "972",
            "April": "696",
            "Mei": "569"
        },
        {
            "No": "74",
            "Nama": "CHANEL CHANCE TENDER",
            "Juni": "1376",
            "Juli": "930",
            "Agustus": "174",
            "September": "742",
            "Oktober": "155",
            "November": "592",
            "Desember": "221",
            "Januari": "409",
            "Februari": "689",
            "Maret": "748",
            "April": "880",
            "Mei": "759"
        },
        {
            "No": "75",
            "Nama": "MISIK HITAM",
            "Juni": "494",
            "Juli": "355",
            "Agustus": "918",
            "September": "281",
            "Oktober": "537",
            "November": "1138",
            "Desember": "334",
            "Januari": "870",
            "Februari": "236",
            "Maret": "312",
            "April": "351",
            "Mei": "589"
        },
        {
            "No": "76",
            "Nama": "ASEEL",
            "Juni": "235",
            "Juli": "1364",
            "Agustus": "483",
            "September": "710",
            "Oktober": "278",
            "November": "383",
            "Desember": "331",
            "Januari": "1028",
            "Februari": "688",
            "Maret": "780",
            "April": "1041",
            "Mei": "239"
        },
        {
            "No": "77",
            "Nama": "GIORGIO ARMANI CODE ICE ",
            "Juni": "429",
            "Juli": "1046",
            "Agustus": "1342",
            "September": "238",
            "Oktober": "1054",
            "November": "672",
            "Desember": "738",
            "Januari": "1316",
            "Februari": "1108",
            "Maret": "894",
            "April": "1124",
            "Mei": "526"
        },
        {
            "No": "78",
            "Nama": "CK ONE SUMMER 2014 ",
            "Juni": "566",
            "Juli": "1060",
            "Agustus": "1254",
            "September": "1007",
            "Oktober": "182",
            "November": "927",
            "Desember": "1137",
            "Januari": "888",
            "Februari": "426",
            "Maret": "632",
            "April": "1269",
            "Mei": "1387"
        },
        {
            "No": "79",
            "Nama": "KENZO LEOPARD MAN",
            "Juni": "1104",
            "Juli": "704",
            "Agustus": "660",
            "September": "1254",
            "Oktober": "1079",
            "November": "936",
            "Desember": "1286",
            "Januari": "1398",
            "Februari": "545",
            "Maret": "936",
            "April": "400",
            "Mei": "994"
        },
        {
            "No": "80",
            "Nama": "KENZO INDIGO",
            "Juni": "908",
            "Juli": "1436",
            "Agustus": "765",
            "September": "931",
            "Oktober": "1088",
            "November": "1180",
            "Desember": "1288",
            "Januari": "201",
            "Februari": "880",
            "Maret": "263",
            "April": "1268",
            "Mei": "856"
        },
        {
            "No": "81",
            "Nama": "JESSICA PARKER",
            "Juni": "48",
            "Juli": "788",
            "Agustus": "380",
            "September": "439",
            "Oktober": "1349",
            "November": "1017",
            "Desember": "660",
            "Januari": "331",
            "Februari": "636",
            "Maret": "199",
            "April": "938",
            "Mei": "121"
        },
        {
            "No": "82",
            "Nama": "VERA WANG PRINCESS",
            "Juni": "522",
            "Juli": "1150",
            "Agustus": "709",
            "September": "323",
            "Oktober": "1094",
            "November": "1113",
            "Desember": "489",
            "Januari": "697",
            "Februari": "155",
            "Maret": "1172",
            "April": "1148",
            "Mei": "448"
        },
        {
            "No": "83",
            "Nama": "VALENTINO ROSSI",
            "Juni": "503",
            "Juli": "388",
            "Agustus": "597",
            "September": "1234",
            "Oktober": "983",
            "November": "742",
            "Desember": "1204",
            "Januari": "1209",
            "Februari": "206",
            "Maret": "1168",
            "April": "207",
            "Mei": "273"
        },
        {
            "No": "84",
            "Nama": "BCL BUNGA CITRA LESTARI",
            "Juni": "1378",
            "Juli": "1267",
            "Agustus": "1238",
            "September": "1159",
            "Oktober": "449",
            "November": "364",
            "Desember": "392",
            "Januari": "1007",
            "Februari": "312",
            "Maret": "45",
            "April": "1282",
            "Mei": "1064"
        },
        {
            "No": "85",
            "Nama": "BARCELONA",
            "Juni": "1407",
            "Juli": "843",
            "Agustus": "386",
            "September": "421",
            "Oktober": "600",
            "November": "1356",
            "Desember": "271",
            "Januari": "1175",
            "Februari": "1116",
            "Maret": "1034",
            "April": "1044",
            "Mei": "451"
        },
        {
            "No": "86",
            "Nama": "ETERNITY NOW FOR BY CK ",
            "Juni": "974",
            "Juli": "1416",
            "Agustus": "182",
            "September": "792",
            "Oktober": "538",
            "November": "1233",
            "Desember": "537",
            "Januari": "274",
            "Februari": "797",
            "Maret": "1317",
            "April": "267",
            "Mei": "337"
        },
        {
            "No": "87",
            "Nama": "CHANEL COCO NOIR",
            "Juni": "879",
            "Juli": "250",
            "Agustus": "983",
            "September": "314",
            "Oktober": "648",
            "November": "1275",
            "Desember": "969",
            "Januari": "439",
            "Februari": "755",
            "Maret": "363",
            "April": "1053",
            "Mei": "1311"
        },
        {
            "No": "88",
            "Nama": "BURBERRY BRIT GOLD",
            "Juni": "259",
            "Juli": "1358",
            "Agustus": "1459",
            "September": "353",
            "Oktober": "220",
            "November": "458",
            "Desember": "982",
            "Januari": "1286",
            "Februari": "925",
            "Maret": "327",
            "April": "55",
            "Mei": "1203"
        },
        {
            "No": "89",
            "Nama": "CARTIER ROOSTER",
            "Juni": "600",
            "Juli": "892",
            "Agustus": "998",
            "September": "532",
            "Oktober": "395",
            "November": "1120",
            "Desember": "629",
            "Januari": "549",
            "Februari": "316",
            "Maret": "266",
            "April": "936",
            "Mei": "1394"
        },
        {
            "No": "90",
            "Nama": "MUKHALLAT REIS",
            "Juni": "295",
            "Juli": "1366",
            "Agustus": "1451",
            "September": "1396",
            "Oktober": "590",
            "November": "1013",
            "Desember": "659",
            "Januari": "1101",
            "Februari": "268",
            "Maret": "535",
            "April": "1264",
            "Mei": "1296"
        },
        {
            "No": "91",
            "Nama": "LIONEL MESSI",
            "Juni": "1281",
            "Juli": "956",
            "Agustus": "555",
            "September": "91",
            "Oktober": "153",
            "November": "492",
            "Desember": "63",
            "Januari": "915",
            "Februari": "362",
            "Maret": "1301",
            "April": "783",
            "Mei": "672"
        },
        {
            "No": "92",
            "Nama": "MAHER ZAIN",
            "Juni": "1108",
            "Juli": "624",
            "Agustus": "166",
            "September": "980",
            "Oktober": "1236",
            "November": "808",
            "Desember": "364",
            "Januari": "243",
            "Februari": "659",
            "Maret": "1114",
            "April": "1178",
            "Mei": "118"
        },
        {
            "No": "93",
            "Nama": "MONT BLANC LEGEND ",
            "Juni": "381",
            "Juli": "1046",
            "Agustus": "1099",
            "September": "402",
            "Oktober": "54",
            "November": "923",
            "Desember": "529",
            "Januari": "1376",
            "Februari": "1281",
            "Maret": "835",
            "April": "367",
            "Mei": "1076"
        },
        {
            "No": "94",
            "Nama": "BULGARI BLV MAN",
            "Juni": "490",
            "Juli": "751",
            "Agustus": "660",
            "September": "143",
            "Oktober": "1355",
            "November": "1081",
            "Desember": "549",
            "Januari": "190",
            "Februari": "856",
            "Maret": "963",
            "April": "1019",
            "Mei": "502"
        },
        {
            "No": "95",
            "Nama": "ETERNITY LOVE",
            "Juni": "1275",
            "Juli": "623",
            "Agustus": "449",
            "September": "387",
            "Oktober": "1281",
            "November": "448",
            "Desember": "54",
            "Januari": "163",
            "Februari": "961",
            "Maret": "308",
            "April": "179",
            "Mei": "355"
        },
        {
            "No": "96",
            "Nama": "BULGARI AQUA MARINE",
            "Juni": "588",
            "Juli": "882",
            "Agustus": "673",
            "September": "769",
            "Oktober": "720",
            "November": "342",
            "Desember": "1375",
            "Januari": "1060",
            "Februari": "1416",
            "Maret": "317",
            "April": "896",
            "Mei": "855"
        },
        {
            "No": "97",
            "Nama": "AMOR AMOR CACHAREL SCARLETT",
            "Juni": "398",
            "Juli": "220",
            "Agustus": "98",
            "September": "361",
            "Oktober": "891",
            "November": "1169",
            "Desember": "1066",
            "Januari": "444",
            "Februari": "1363",
            "Maret": "973",
            "April": "894",
            "Mei": "1295"
        },
        {
            "No": "98",
            "Nama": "CK IN TO YOU HIM",
            "Juni": "587",
            "Juli": "414",
            "Agustus": "1009",
            "September": "362",
            "Oktober": "1274",
            "November": "226",
            "Desember": "1359",
            "Januari": "1274",
            "Februari": "172",
            "Maret": "53",
            "April": "1252",
            "Mei": "265"
        },
        {
            "No": "99",
            "Nama": "GUESS SEDUCTIVE WILD SUMMER",
            "Juni": "987",
            "Juli": "927",
            "Agustus": "183",
            "September": "963",
            "Oktober": "1194",
            "November": "1177",
            "Desember": "1198",
            "Januari": "939",
            "Februari": "1237",
            "Maret": "776",
            "April": "915",
            "Mei": "141"
        },
        {
            "No": "100",
            "Nama": "SEAN JOHN I AM KING ",
            "Juni": "238",
            "Juli": "199",
            "Agustus": "281",
            "September": "42",
            "Oktober": "1210",
            "November": "1449",
            "Desember": "896",
            "Januari": "522",
            "Februari": "925",
            "Maret": "165",
            "April": "268",
            "Mei": "1134"
        }
    ]}