﻿{
    "Penjualan_parfum":[
        {
            "Nama": "VICTORIA SECRET LOVE",
            "Januari": "840",
            "Februari": "150",
            "Maret": "495",
            "April": "235",
            "Mei": "1205",
            "Juni": "565",
            "Juli": "825",
            "Agustus": "1185",
            "September": "1280",
            "Oktober": "1045",
            "November": "155",
            "Desember": "230"
        },
        {
            "Nama": "JAGUAR CLASIC",
            "Januari": "1190",
            "Februari": "945",
            "Maret": "1035",
            "April": "445",
            "Mei": "525",
            "Juni": "965",
            "Juli": "1395",
            "Agustus": "135",
            "September": "460",
            "Oktober": "5",
            "November": "1360",
            "Desember": "1260"
        },
        {
            "Nama": "PLAYBOY SEXY",
            "Januari": "1000",
            "Februari": "1465",
            "Maret": "685",
            "April": "775",
            "Mei": "1135",
            "Juni": "795",
            "Juli": "735",
            "Agustus": "1160",
            "September": "1025",
            "Oktober": "455",
            "November": "445",
            "Desember": "570"
        },
        {
            "Nama": "VICTORIA SECRET PINK SURF",
            "Januari": "690",
            "Februari": "520",
            "Maret": "305",
            "April": "1060",
            "Mei": "925",
            "Juni": "570",
            "Juli": "1430",
            "Agustus": "1340",
            "September": "1435",
            "Oktober": "1410",
            "November": "60",
            "Desember": "805"
        },
        {
            "Nama": "BENETTON COOL",
            "Januari": "1180",
            "Februari": "790",
            "Maret": "405",
            "April": "275",
            "Mei": "905",
            "Juni": "490",
            "Juli": "545",
            "Agustus": "745",
            "September": "590",
            "Oktober": "625",
            "November": "155",
            "Desember": "555"
        },
        {
            "Nama": "AZZARO TWIN MAN",
            "Januari": "885",
            "Februari": "245",
            "Maret": "880",
            "April": "325",
            "Mei": "845",
            "Juni": "675",
            "Juli": "1435",
            "Agustus": "790",
            "September": "740",
            "Oktober": "570",
            "November": "1300",
            "Desember": "835"
        },
        {
            "Nama": "COKLAT CAPPUCINO",
            "Januari": "315",
            "Februari": "1190",
            "Maret": "500",
            "April": "900",
            "Mei": "420",
            "Juni": "230",
            "Juli": "1165",
            "Agustus": "300",
            "September": "425",
            "Oktober": "1365",
            "November": "1005",
            "Desember": "95"
        },
        {
            "Nama": "TAYLOR SWIFT",
            "Januari": "1345",
            "Februari": "1225",
            "Maret": "780",
            "April": "215",
            "Mei": "175",
            "Juni": "340",
            "Juli": "345",
            "Agustus": "490",
            "September": "1050",
            "Oktober": "355",
            "November": "400",
            "Desember": "1280"
        },
        {
            "Nama": "AIGNER BLUE ( KEVA )",
            "Januari": "450",
            "Februari": "1095",
            "Maret": "650",
            "April": "20",
            "Mei": "965",
            "Juni": "1120",
            "Juli": "60",
            "Agustus": "1450",
            "September": "115",
            "Oktober": "995",
            "November": "255",
            "Desember": "590"
        },
        {
            "Nama": "ISSEY MIYAKE HOMME SPORT ",
            "Januari": "70",
            "Februari": "5",
            "Maret": "475",
            "April": "275",
            "Mei": "525",
            "Juni": "220",
            "Juli": "705",
            "Agustus": "540",
            "September": "1085",
            "Oktober": "750",
            "November": "1405",
            "Desember": "430"
        },
        {
            "Nama": "BEYOND PARADISE",
            "Januari": "185",
            "Februari": "1390",
            "Maret": "635",
            "April": "735",
            "Mei": "395",
            "Juni": "1350",
            "Juli": "1385",
            "Agustus": "965",
            "September": "85",
            "Oktober": "785",
            "November": "595",
            "Desember": "1205"
        },
        {
            "Nama": "DAVIDOFF GAME LADY",
            "Januari": "470",
            "Februari": "325",
            "Maret": "780",
            "April": "125",
            "Mei": "780",
            "Juni": "100",
            "Juli": "400",
            "Agustus": "375",
            "September": "760",
            "Oktober": "425",
            "November": "415",
            "Desember": "395"
        },
        {
            "Nama": "DKNY GOLDEN DELICIOUS",
            "Januari": "530",
            "Februari": "690",
            "Maret": "560",
            "April": "535",
            "Mei": "45",
            "Juni": "730",
            "Juli": "1060",
            "Agustus": "70",
            "September": "1125",
            "Oktober": "320",
            "November": "1105",
            "Desember": "1020"
        },
        {
            "Nama": "JESSICA SIMPSON BLOOM",
            "Januari": "240",
            "Februari": "1415",
            "Maret": "510",
            "April": "825",
            "Mei": "170",
            "Juni": "185",
            "Juli": "220",
            "Agustus": "1395",
            "September": "185",
            "Oktober": "990",
            "November": "970",
            "Desember": "245"
        },
        {
            "Nama": "COACH POPPY",
            "Januari": "600",
            "Februari": "1330",
            "Maret": "230",
            "April": "1290",
            "Mei": "1115",
            "Juni": "1430",
            "Juli": "310",
            "Agustus": "965",
            "September": "500",
            "Oktober": "105",
            "November": "880",
            "Desember": "1350"
        },
        {
            "Nama": "STILL DONNA",
            "Januari": "1365",
            "Februari": "90",
            "Maret": "10",
            "April": "865",
            "Mei": "1020",
            "Juni": "50",
            "Juli": "900",
            "Agustus": "880",
            "September": "1070",
            "Oktober": "1385",
            "November": "1475",
            "Desember": "255"
        },
        {
            "Nama": "ANGEL MAN",
            "Januari": "845",
            "Februari": "195",
            "Maret": "1415",
            "April": "295",
            "Mei": "775",
            "Juni": "690",
            "Juli": "385",
            "Agustus": "560",
            "September": "1480",
            "Oktober": "1255",
            "November": "775",
            "Desember": "1215"
        },
        {
            "Nama": "BURBERRY MAN",
            "Januari": "1400",
            "Februari": "260",
            "Maret": "700",
            "April": "1175",
            "Mei": "1015",
            "Juni": "165",
            "Juli": "875",
            "Agustus": "170",
            "September": "475",
            "Oktober": "825",
            "November": "220",
            "Desember": "1265"
        },
        {
            "Nama": "JLO PLATINUM",
            "Januari": "1385",
            "Februari": "1400",
            "Maret": "1400",
            "April": "265",
            "Mei": "195",
            "Juni": "640",
            "Juli": "1085",
            "Agustus": "320",
            "September": "20",
            "Oktober": "35",
            "November": "740",
            "Desember": "1130"
        },
        {
            "Nama": "TOMMY T WOMEN",
            "Januari": "875",
            "Februari": "370",
            "Maret": "200",
            "April": "745",
            "Mei": "920",
            "Juni": "1090",
            "Juli": "1260",
            "Agustus": "705",
            "September": "1320",
            "Oktober": "145",
            "November": "590",
            "Desember": "1000"
        },
        {
            "Nama": "VICTORIA SECRET NIGHT ",
            "Januari": "890",
            "Februari": "1000",
            "Maret": "675",
            "April": "475",
            "Mei": "980",
            "Juni": "1135",
            "Juli": "1010",
            "Agustus": "1110",
            "September": "1280",
            "Oktober": "545",
            "November": "215",
            "Desember": "820"
        },
        {
            "Nama": "TOMMY JEANS",
            "Januari": "1115",
            "Februari": "735",
            "Maret": "320",
            "April": "995",
            "Mei": "1130",
            "Juni": "665",
            "Juli": "545",
            "Agustus": "485",
            "September": "1285",
            "Oktober": "140",
            "November": "1435",
            "Desember": "1110"
        },
        {
            "Nama": "BE ENCHANTED",
            "Januari": "675",
            "Februari": "715",
            "Maret": "1300",
            "April": "475",
            "Mei": "1455",
            "Juni": "1070",
            "Juli": "815",
            "Agustus": "410",
            "September": "1495",
            "Oktober": "165",
            "November": "1220",
            "Desember": "360"
        },
        {
            "Nama": "KATY PERRY KILLER QUEEN",
            "Januari": "260",
            "Februari": "820",
            "Maret": "640",
            "April": "760",
            "Mei": "525",
            "Juni": "155",
            "Juli": "1015",
            "Agustus": "215",
            "September": "1460",
            "Oktober": "1115",
            "November": "190",
            "Desember": "355"
        },
        {
            "Nama": "MONT BLANC INDIVIDUEL",
            "Januari": "1370",
            "Februari": "1365",
            "Maret": "1195",
            "April": "975",
            "Mei": "245",
            "Juni": "620",
            "Juli": "175",
            "Agustus": "240",
            "September": "1440",
            "Oktober": "305",
            "November": "280",
            "Desember": "1220"
        },
        {
            "Nama": "BULGARI JASMIN NOIR",
            "Januari": "1195",
            "Februari": "1480",
            "Maret": "615",
            "April": "790",
            "Mei": "335",
            "Juni": "630",
            "Juli": "355",
            "Agustus": "1405",
            "September": "725",
            "Oktober": "1200",
            "November": "1040",
            "Desember": "1015"
        },
        {
            "Nama": "HUGO BOSS THE SCENT ",
            "Januari": "460",
            "Februari": "575",
            "Maret": "75",
            "April": "35",
            "Mei": "745",
            "Juni": "960",
            "Juli": "320",
            "Agustus": "655",
            "September": "305",
            "Oktober": "50",
            "November": "1180",
            "Desember": "1065"
        },
        {
            "Nama": "HUGO BOSS FEMME",
            "Januari": "60",
            "Februari": "325",
            "Maret": "1320",
            "April": "50",
            "Mei": "740",
            "Juni": "520",
            "Juli": "1400",
            "Agustus": "960",
            "September": "1285",
            "Oktober": "480",
            "November": "220",
            "Desember": "925"
        },
        {
            "Nama": "MOSCHINO FRESH",
            "Januari": "835",
            "Februari": "600",
            "Maret": "140",
            "April": "1045",
            "Mei": "690",
            "Juni": "840",
            "Juli": "105",
            "Agustus": "195",
            "September": "860",
            "Oktober": "1410",
            "November": "255",
            "Desember": "1350"
        },
        {
            "Nama": "DAVIDOFF CHAMPION",
            "Januari": "700",
            "Februari": "1385",
            "Maret": "1460",
            "April": "135",
            "Mei": "1305",
            "Juni": "525",
            "Juli": "1250",
            "Agustus": "850",
            "September": "1065",
            "Oktober": "880",
            "November": "700",
            "Desember": "1110"
        },
        {
            "Nama": "1 MILLION",
            "Januari": "595",
            "Februari": "10",
            "Maret": "620",
            "April": "1470",
            "Mei": "615",
            "Juni": "365",
            "Juli": "5",
            "Agustus": "795",
            "September": "1165",
            "Oktober": "260",
            "November": "700",
            "Desember": "65"
        },
        {
            "Nama": "D & G VELVET VETIVER",
            "Januari": "1145",
            "Februari": "1405",
            "Maret": "465",
            "April": "615",
            "Mei": "445",
            "Juni": "1050",
            "Juli": "705",
            "Agustus": "10",
            "September": "1455",
            "Oktober": "685",
            "November": "1005",
            "Desember": "335"
        },
        {
            "Nama": "KENZO BALI ",
            "Januari": "850",
            "Februari": "1275",
            "Maret": "1050",
            "April": "1060",
            "Mei": "1205",
            "Juni": "1260",
            "Juli": "1295",
            "Agustus": "75",
            "September": "295",
            "Oktober": "875",
            "November": "120",
            "Desember": "190"
        },
        {
            "Nama": "HERMES D’JOUR",
            "Januari": "60",
            "Februari": "680",
            "Maret": "690",
            "April": "1250",
            "Mei": "800",
            "Juni": "790",
            "Juli": "920",
            "Agustus": "1000",
            "September": "610",
            "Oktober": "1070",
            "November": "1375",
            "Desember": "1040"
        },
        {
            "Nama": "VIA BOMBSHELL",
            "Januari": "1245",
            "Februari": "920",
            "Maret": "325",
            "April": "665",
            "Mei": "1190",
            "Juni": "360",
            "Juli": "875",
            "Agustus": "1090",
            "September": "390",
            "Oktober": "1225",
            "November": "675",
            "Desember": "1490"
        },
        {
            "Nama": "KATY PERRY QUEEN",
            "Januari": "575",
            "Februari": "615",
            "Maret": "1415",
            "April": "795",
            "Mei": "935",
            "Juni": "130",
            "Juli": "455",
            "Agustus": "680",
            "September": "915",
            "Oktober": "1250",
            "November": "1185",
            "Desember": "1165"
        },
        {
            "Nama": "PIERRE CARDIN",
            "Januari": "1350",
            "Februari": "60",
            "Maret": "825",
            "April": "1455",
            "Mei": "1405",
            "Juni": "290",
            "Juli": "830",
            "Agustus": "565",
            "September": "650",
            "Oktober": "950",
            "November": "1460",
            "Desember": "1190"
        },
        {
            "Nama": "D & G LA 3 BROTHER ",
            "Januari": "470",
            "Februari": "1385",
            "Maret": "920",
            "April": "605",
            "Mei": "970",
            "Juni": "385",
            "Juli": "1025",
            "Agustus": "700",
            "September": "265",
            "Oktober": "365",
            "November": "1060",
            "Desember": "600"
        },
        {
            "Nama": "AROOSAH",
            "Januari": "950",
            "Februari": "125",
            "Maret": "505",
            "April": "1095",
            "Mei": "1185",
            "Juni": "500",
            "Juli": "225",
            "Agustus": "860",
            "September": "1315",
            "Oktober": "1480",
            "November": "1360",
            "Desember": "1375"
        },
        {
            "Nama": "STILL DONNA",
            "Januari": "425",
            "Februari": "635",
            "Maret": "1240",
            "April": "590",
            "Mei": "1480",
            "Juni": "220",
            "Juli": "1310",
            "Agustus": "25",
            "September": "155",
            "Oktober": "685",
            "November": "585",
            "Desember": "655"
        },
        {
            "Nama": "CK ELECTRIC",
            "Januari": "460",
            "Februari": "100",
            "Maret": "120",
            "April": "1165",
            "Mei": "425",
            "Juni": "285",
            "Juli": "65",
            "Agustus": "1310",
            "September": "1405",
            "Oktober": "1010",
            "November": "565",
            "Desember": "725"
        },
        {
            "Nama": "DUNHILL MAN",
            "Januari": "1320",
            "Februari": "935",
            "Maret": "285",
            "April": "1065",
            "Mei": "775",
            "Juni": "1060",
            "Juli": "100",
            "Agustus": "340",
            "September": "1085",
            "Oktober": "330",
            "November": "265",
            "Desember": "420"
        },
        {
            "Nama": "CHANEL COCO NOIR",
            "Januari": "360",
            "Februari": "315",
            "Maret": "30",
            "April": "1370",
            "Mei": "385",
            "Juni": "625",
            "Juli": "625",
            "Agustus": "715",
            "September": "345",
            "Oktober": "155",
            "November": "410",
            "Desember": "1470"
        },
        {
            "Nama": "MEN BRUT",
            "Januari": "30",
            "Februari": "830",
            "Maret": "495",
            "April": "60",
            "Mei": "1315",
            "Juni": "360",
            "Juli": "200",
            "Agustus": "1350",
            "September": "1275",
            "Oktober": "915",
            "November": "140",
            "Desember": "950"
        },
        {
            "Nama": "VICTORIA DREAM ANGEL",
            "Januari": "115",
            "Februari": "1215",
            "Maret": "1380",
            "April": "135",
            "Mei": "1330",
            "Juni": "30",
            "Juli": "1415",
            "Agustus": "85",
            "September": "1365",
            "Oktober": "655",
            "November": "1315",
            "Desember": "990"
        },
        {
            "Nama": "ESCADA PASIFIC PARADISE",
            "Januari": "595",
            "Februari": "960",
            "Maret": "1475",
            "April": "405",
            "Mei": "1120",
            "Juni": "200",
            "Juli": "1100",
            "Agustus": "85",
            "September": "475",
            "Oktober": "1250",
            "November": "785",
            "Desember": "1160"
        },
        {
            "Nama": "CERRUTI 1881",
            "Januari": "785",
            "Februari": "1375",
            "Maret": "1385",
            "April": "115",
            "Mei": "240",
            "Juni": "1370",
            "Juli": "225",
            "Agustus": "590",
            "September": "960",
            "Oktober": "20",
            "November": "1330",
            "Desember": "1235"
        },
        {
            "Nama": "ANNA SUI FLIGHT",
            "Januari": "1205",
            "Februari": "785",
            "Maret": "680",
            "April": "385",
            "Mei": "955",
            "Juni": "1235",
            "Juli": "1185",
            "Agustus": "550",
            "September": "830",
            "Oktober": "1110",
            "November": "1185",
            "Desember": "600"
        },
        {
            "Nama": "FANDY FENDY",
            "Januari": "1040",
            "Februari": "1150",
            "Maret": "345",
            "April": "95",
            "Mei": "295",
            "Juni": "705",
            "Juli": "990",
            "Agustus": "475",
            "September": "730",
            "Oktober": "370",
            "November": "285",
            "Desember": "490"
        },
        {
            "Nama": "FOREVER RED BBW ",
            "Januari": "1030",
            "Februari": "725",
            "Maret": "1255",
            "April": "1035",
            "Mei": "1465",
            "Juni": "35",
            "Juli": "1420",
            "Agustus": "890",
            "September": "1355",
            "Oktober": "105",
            "November": "805",
            "Desember": "1235"
        },
        {
            "Nama": "COCORICO BY NIGHT",
            "Januari": "85",
            "Februari": "1140",
            "Maret": "1420",
            "April": "885",
            "Mei": "490",
            "Juni": "645",
            "Juli": "70",
            "Agustus": "645",
            "September": "85",
            "Oktober": "445",
            "November": "580",
            "Desember": "550"
        },
        {
            "Nama": "ESCADA MAGNETISM LADY",
            "Januari": "855",
            "Februari": "465",
            "Maret": "185",
            "April": "230",
            "Mei": "545",
            "Juni": "310",
            "Juli": "1325",
            "Agustus": "1040",
            "September": "645",
            "Oktober": "1320",
            "November": "775",
            "Desember": "75"
        },
        {
            "Nama": "BANANA REPUBLIC",
            "Januari": "915",
            "Februari": "595",
            "Maret": "615",
            "April": "865",
            "Mei": "785",
            "Juni": "1185",
            "Juli": "745",
            "Agustus": "60",
            "September": "980",
            "Oktober": "845",
            "November": "1205",
            "Desember": "1215"
        },
        {
            "Nama": "BURBERRY BRIT LADY",
            "Januari": "205",
            "Februari": "1210",
            "Maret": "1190",
            "April": "1225",
            "Mei": "75",
            "Juni": "635",
            "Juli": "1060",
            "Agustus": "360",
            "September": "1145",
            "Oktober": "370",
            "November": "565",
            "Desember": "1425"
        },
        {
            "Nama": "BULGARI AU THE ROUGH",
            "Januari": "615",
            "Februari": "900",
            "Maret": "45",
            "April": "650",
            "Mei": "485",
            "Juni": "1340",
            "Juli": "565",
            "Agustus": "1330",
            "September": "745",
            "Oktober": "1140",
            "November": "745",
            "Desember": "985"
        },
        {
            "Nama": "CK IN TO YOU HIM",
            "Januari": "1280",
            "Februari": "1435",
            "Maret": "620",
            "April": "835",
            "Mei": "1015",
            "Juni": "1360",
            "Juli": "420",
            "Agustus": "995",
            "September": "715",
            "Oktober": "265",
            "November": "330",
            "Desember": "575"
        },
        {
            "Nama": "CHERRY BELLE ",
            "Januari": "1335",
            "Februari": "110",
            "Maret": "1180",
            "April": "530",
            "Mei": "740",
            "Juni": "245",
            "Juli": "1175",
            "Agustus": "1490",
            "September": "380",
            "Oktober": "1445",
            "November": "1030",
            "Desember": "570"
        },
        {
            "Nama": "RED ROSE",
            "Januari": "390",
            "Februari": "980",
            "Maret": "1185",
            "April": "1260",
            "Mei": "1320",
            "Juni": "890",
            "Juli": "1190",
            "Agustus": "590",
            "September": "940",
            "Oktober": "750",
            "November": "585",
            "Desember": "145"
        },
        {
            "Nama": "HYPNOSE SENSE",
            "Januari": "920",
            "Februari": "1145",
            "Maret": "1120",
            "April": "65",
            "Mei": "895",
            "Juni": "1390",
            "Juli": "1155",
            "Agustus": "145",
            "September": "1260",
            "Oktober": "680",
            "November": "440",
            "Desember": "1295"
        },
        {
            "Nama": "CK ONE RED EDITION HIM ",
            "Januari": "920",
            "Februari": "780",
            "Maret": "900",
            "April": "1110",
            "Mei": "545",
            "Juni": "665",
            "Juli": "735",
            "Agustus": "905",
            "September": "250",
            "Oktober": "370",
            "November": "250",
            "Desember": "1200"
        },
        {
            "Nama": "HUGO BOSS IN MOTION WHITE",
            "Januari": "1110",
            "Februari": "135",
            "Maret": "1230",
            "April": "490",
            "Mei": "535",
            "Juni": "1100",
            "Juli": "380",
            "Agustus": "700",
            "September": "385",
            "Oktober": "110",
            "November": "855",
            "Desember": "415"
        },
        {
            "Nama": "JUSTIN BIEBER KEY",
            "Januari": "745",
            "Februari": "715",
            "Maret": "770",
            "April": "1225",
            "Mei": "875",
            "Juni": "60",
            "Juli": "340",
            "Agustus": "5",
            "September": "930",
            "Oktober": "25",
            "November": "45",
            "Desember": "1150"
        },
        {
            "Nama": "BODY SHOP MAN",
            "Januari": "1340",
            "Februari": "1110",
            "Maret": "1400",
            "April": "1345",
            "Mei": "90",
            "Juni": "595",
            "Juli": "265",
            "Agustus": "965",
            "September": "1380",
            "Oktober": "1220",
            "November": "75",
            "Desember": "255"
        },
        {
            "Nama": "HUGO BOSS ENERGISE",
            "Januari": "300",
            "Februari": "1020",
            "Maret": "860",
            "April": "830",
            "Mei": "40",
            "Juni": "565",
            "Juli": "395",
            "Agustus": "300",
            "September": "1220",
            "Oktober": "1450",
            "November": "640",
            "Desember": "620"
        },
        {
            "Nama": "CK ONE SUMMER",
            "Januari": "590",
            "Februari": "295",
            "Maret": "580",
            "April": "1375",
            "Mei": "540",
            "Juni": "885",
            "Juli": "120",
            "Agustus": "115",
            "September": "360",
            "Oktober": "650",
            "November": "900",
            "Desember": "115"
        },
        {
            "Nama": "INCANTO FERRAGAMO",
            "Januari": "1380",
            "Februari": "100",
            "Maret": "1030",
            "April": "1285",
            "Mei": "1200",
            "Juni": "1305",
            "Juli": "815",
            "Agustus": "1065",
            "September": "225",
            "Oktober": "95",
            "November": "810",
            "Desember": "490"
        },
        {
            "Nama": "LOVE BY CHLOE",
            "Januari": "570",
            "Februari": "285",
            "Maret": "1065",
            "April": "390",
            "Mei": "525",
            "Juni": "700",
            "Juli": "845",
            "Agustus": "315",
            "September": "1340",
            "Oktober": "300",
            "November": "515",
            "Desember": "760"
        },
        {
            "Nama": "HERMES LADY",
            "Januari": "75",
            "Februari": "175",
            "Maret": "430",
            "April": "325",
            "Mei": "1220",
            "Juni": "1335",
            "Juli": "1430",
            "Agustus": "195",
            "September": "590",
            "Oktober": "1325",
            "November": "435",
            "Desember": "1270"
        },
        {
            "Nama": "LANVIN MARRY ME",
            "Januari": "565",
            "Februari": "750",
            "Maret": "855",
            "April": "1135",
            "Mei": "1445",
            "Juni": "1330",
            "Juli": "1270",
            "Agustus": "665",
            "September": "1195",
            "Oktober": "710",
            "November": "505",
            "Desember": "415"
        },
        {
            "Nama": "ISSEY MIYAKE HOMME SPORT ",
            "Januari": "655",
            "Februari": "725",
            "Maret": "1125",
            "April": "610",
            "Mei": "170",
            "Juni": "430",
            "Juli": "1035",
            "Agustus": "1080",
            "September": "340",
            "Oktober": "685",
            "November": "1495",
            "Desember": "800"
        },
        {
            "Nama": "SPALDING",
            "Januari": "700",
            "Februari": "1005",
            "Maret": "950",
            "April": "840",
            "Mei": "415",
            "Juni": "1135",
            "Juli": "325",
            "Agustus": "1285",
            "September": "895",
            "Oktober": "160",
            "November": "155",
            "Desember": "365"
        },
        {
            "Nama": "BURBERRY SPORT ICE",
            "Januari": "830",
            "Februari": "225",
            "Maret": "190",
            "April": "1135",
            "Mei": "615",
            "Juni": "380",
            "Juli": "165",
            "Agustus": "345",
            "September": "1090",
            "Oktober": "1290",
            "November": "115",
            "Desember": "685"
        },
        {
            "Nama": "DKNY BE DELICIOUS NIGHT",
            "Januari": "255",
            "Februari": "590",
            "Maret": "990",
            "April": "815",
            "Mei": "925",
            "Juni": "1325",
            "Juli": "200",
            "Agustus": "475",
            "September": "160",
            "Oktober": "855",
            "November": "345",
            "Desember": "1445"
        },
        {
            "Nama": "CHANEL CHANCE TENDER",
            "Januari": "730",
            "Februari": "30",
            "Maret": "800",
            "April": "225",
            "Mei": "160",
            "Juni": "450",
            "Juli": "355",
            "Agustus": "1290",
            "September": "45",
            "Oktober": "635",
            "November": "1240",
            "Desember": "325"
        },
        {
            "Nama": "MISIK HITAM",
            "Januari": "580",
            "Februari": "1410",
            "Maret": "1170",
            "April": "200",
            "Mei": "640",
            "Juni": "890",
            "Juli": "200",
            "Agustus": "30",
            "September": "1095",
            "Oktober": "690",
            "November": "820",
            "Desember": "590"
        },
        {
            "Nama": "ASEEL",
            "Januari": "350",
            "Februari": "1455",
            "Maret": "805",
            "April": "945",
            "Mei": "655",
            "Juni": "1335",
            "Juli": "165",
            "Agustus": "700",
            "September": "5",
            "Oktober": "385",
            "November": "295",
            "Desember": "1160"
        },
        {
            "Nama": "GIORGIO ARMANI CODE ICE ",
            "Januari": "935",
            "Februari": "145",
            "Maret": "1030",
            "April": "1265",
            "Mei": "1230",
            "Juni": "965",
            "Juli": "230",
            "Agustus": "795",
            "September": "955",
            "Oktober": "10",
            "November": "625",
            "Desember": "910"
        },
        {
            "Nama": "CK ONE SUMMER 2014 ",
            "Januari": "820",
            "Februari": "210",
            "Maret": "655",
            "April": "695",
            "Mei": "425",
            "Juni": "1200",
            "Juli": "1460",
            "Agustus": "585",
            "September": "1415",
            "Oktober": "610",
            "November": "1455",
            "Desember": "1285"
        },
        {
            "Nama": "KENZO LEOPARD MAN",
            "Januari": "40",
            "Februari": "200",
            "Maret": "280",
            "April": "390",
            "Mei": "1355",
            "Juni": "290",
            "Juli": "565",
            "Agustus": "970",
            "September": "15",
            "Oktober": "860",
            "November": "1190",
            "Desember": "50"
        },
        {
            "Nama": "KENZO INDIGO",
            "Januari": "485",
            "Februari": "1465",
            "Maret": "1385",
            "April": "850",
            "Mei": "1095",
            "Juni": "450",
            "Juli": "1225",
            "Agustus": "200",
            "September": "1340",
            "Oktober": "665",
            "November": "320",
            "Desember": "575"
        },
        {
            "Nama": "JESSICA PARKER",
            "Januari": "1485",
            "Februari": "1445",
            "Maret": "1175",
            "April": "850",
            "Mei": "155",
            "Juni": "725",
            "Juli": "515",
            "Agustus": "105",
            "September": "1055",
            "Oktober": "850",
            "November": "495",
            "Desember": "885"
        },
        {
            "Nama": "VERA WANG PRINCESS",
            "Januari": "740",
            "Februari": "275",
            "Maret": "1050",
            "April": "820",
            "Mei": "950",
            "Juni": "360",
            "Juli": "1200",
            "Agustus": "705",
            "September": "950",
            "Oktober": "1055",
            "November": "1130",
            "Desember": "1235"
        },
        {
            "Nama": "VALENTINO ROSSI",
            "Januari": "205",
            "Februari": "1155",
            "Maret": "1425",
            "April": "715",
            "Mei": "670",
            "Juni": "175",
            "Juli": "1015",
            "Agustus": "690",
            "September": "680",
            "Oktober": "205",
            "November": "1065",
            "Desember": "1270"
        },
        {
            "Nama": "BCL BUNGA CITRA LESTARI",
            "Januari": "470",
            "Februari": "1460",
            "Maret": "1200",
            "April": "1310",
            "Mei": "1130",
            "Juni": "15",
            "Juli": "1420",
            "Agustus": "1405",
            "September": "275",
            "Oktober": "60",
            "November": "960",
            "Desember": "585"
        },
        {
            "Nama": "BARCELONA",
            "Januari": "1395",
            "Februari": "1075",
            "Maret": "755",
            "April": "270",
            "Mei": "1495",
            "Juni": "500",
            "Juli": "1360",
            "Agustus": "810",
            "September": "610",
            "Oktober": "135",
            "November": "300",
            "Desember": "1040"
        },
        {
            "Nama": "ETERNITY NOW FOR BY CK ",
            "Januari": "1475",
            "Februari": "500",
            "Maret": "1400",
            "April": "1405",
            "Mei": "880",
            "Juni": "605",
            "Juli": "155",
            "Agustus": "590",
            "September": "870",
            "Oktober": "415",
            "November": "1010",
            "Desember": "310"
        },
        {
            "Nama": "CHANEL COCO NOIR",
            "Januari": "1140",
            "Februari": "240",
            "Maret": "110",
            "April": "1335",
            "Mei": "320",
            "Juni": "960",
            "Juli": "140",
            "Agustus": "820",
            "September": "620",
            "Oktober": "1130",
            "November": "530",
            "Desember": "150"
        },
        {
            "Nama": "BURBERRY BRIT GOLD",
            "Januari": "465",
            "Februari": "1470",
            "Maret": "680",
            "April": "1400",
            "Mei": "375",
            "Juni": "760",
            "Juli": "60",
            "Agustus": "1355",
            "September": "1075",
            "Oktober": "550",
            "November": "1285",
            "Desember": "175"
        },
        {
            "Nama": "CARTIER ROOSTER",
            "Januari": "1175",
            "Februari": "445",
            "Maret": "375",
            "April": "910",
            "Mei": "215",
            "Juni": "1110",
            "Juli": "1390",
            "Agustus": "310",
            "September": "390",
            "Oktober": "320",
            "November": "590",
            "Desember": "1480"
        },
        {
            "Nama": "MUKHALLAT REIS",
            "Januari": "725",
            "Februari": "945",
            "Maret": "1405",
            "April": "230",
            "Mei": "510",
            "Juni": "1180",
            "Juli": "1160",
            "Agustus": "1285",
            "September": "970",
            "Oktober": "775",
            "November": "485",
            "Desember": "1480"
        },
        {
            "Nama": "LIONEL MESSI",
            "Januari": "1135",
            "Februari": "820",
            "Maret": "735",
            "April": "1155",
            "Mei": "1285",
            "Juni": "1045",
            "Juli": "795",
            "Agustus": "635",
            "September": "1170",
            "Oktober": "345",
            "November": "95",
            "Desember": "1195"
        },
        {
            "Nama": "MAHER ZAIN",
            "Januari": "200",
            "Februari": "1405",
            "Maret": "1115",
            "April": "355",
            "Mei": "895",
            "Juni": "335",
            "Juli": "395",
            "Agustus": "830",
            "September": "475",
            "Oktober": "120",
            "November": "965",
            "Desember": "435"
        },
        {
            "Nama": "MONT BLANC LEGEND ",
            "Januari": "190",
            "Februari": "960",
            "Maret": "620",
            "April": "1390",
            "Mei": "50",
            "Juni": "180",
            "Juli": "220",
            "Agustus": "615",
            "September": "455",
            "Oktober": "790",
            "November": "1275",
            "Desember": "220"
        },
        {
            "Nama": "BULGARI BLV MAN",
            "Januari": "600",
            "Februari": "1250",
            "Maret": "110",
            "April": "770",
            "Mei": "1335",
            "Juni": "155",
            "Juli": "85",
            "Agustus": "465",
            "September": "1095",
            "Oktober": "1060",
            "November": "80",
            "Desember": "465"
        },
        {
            "Nama": "ETERNITY LOVE",
            "Januari": "100",
            "Februari": "1015",
            "Maret": "30",
            "April": "770",
            "Mei": "1045",
            "Juni": "435",
            "Juli": "760",
            "Agustus": "970",
            "September": "400",
            "Oktober": "1025",
            "November": "785",
            "Desember": "865"
        },
        {
            "Nama": "BULGARI AQUA MARINE",
            "Januari": "1470",
            "Februari": "1410",
            "Maret": "1045",
            "April": "345",
            "Mei": "1175",
            "Juni": "995",
            "Juli": "120",
            "Agustus": "10",
            "September": "185",
            "Oktober": "1180",
            "November": "970",
            "Desember": "1025"
        },
        {
            "Nama": "AMOR AMOR CACHAREL SCARLETT",
            "Januari": "1490",
            "Februari": "825",
            "Maret": "675",
            "April": "320",
            "Mei": "495",
            "Juni": "425",
            "Juli": "1425",
            "Agustus": "50",
            "September": "890",
            "Oktober": "710",
            "November": "885",
            "Desember": "1080"
        },
        {
            "Nama": "CK IN TO YOU HIM",
            "Januari": "35",
            "Februari": "555",
            "Maret": "1400",
            "April": "780",
            "Mei": "420",
            "Juni": "540",
            "Juli": "370",
            "Agustus": "900",
            "September": "720",
            "Oktober": "115",
            "November": "785",
            "Desember": "1185"
        },
        {
            "Nama": "GUESS SEDUCTIVE WILD SUMMER",
            "Januari": "1485",
            "Februari": "440",
            "Maret": "910",
            "April": "705",
            "Mei": "660",
            "Juni": "145",
            "Juli": "620",
            "Agustus": "1210",
            "September": "1305",
            "Oktober": "145",
            "November": "1210",
            "Desember": "520"
        },
        {
            "Nama": "SEAN JOHN I AM KING ",
            "Januari": "1015",
            "Februari": "100",
            "Maret": "575",
            "April": "1175",
            "Mei": "660",
            "Juni": "620",
            "Juli": "1370",
            "Agustus": "1385",
            "September": "935",
            "Oktober": "525",
            "November": "860",
            "Desember": "1295"
        }
    ]
}